case_id,transition_idx,changed_spins,changed_count,bank0_changed,bank1_changed,bank2_changed,bank3_changed,lower_bound_cycles
2,1,"[0, 1, 5, 7, 8, 12, 14, 16, 18, 19, 20, 21, 23, 24, 25, 29, 31, 32, 34, 36, 37, 38, 39, 41, 43, 49, 50, 52, 55, 56, 59, 63, 67, 70, 73, 74, 76, 79, 80, 81, 82, 85, 87, 91, 92, 93, 95, 96, 97, 98, 99, 100, 103, 105, 106, 107, 108, 109, 112, 113, 114, 115, 117, 118, 125, 126, 127, 130, 131, 132, 133, 135, 139, 142, 143, 144, 145, 147, 150, 152, 157, 158, 166, 167, 169, 173, 176, 177, 178, 179, 180, 183, 185, 188, 189, 192, 195, 196, 198, 200, 202, 203, 204, 205, 207, 214, 216, 217, 220, 221, 222, 228, 231, 234, 235, 236, 238, 243, 245, 247, 249, 251, 252, 254, 255]",125,32,31,26,36,32
2,2,"[0, 1, 2, 3, 4, 6, 9, 10, 12, 13, 15, 16, 17, 18, 19, 20, 22, 23, 24, 27, 28, 29, 30, 31, 32, 33, 35, 36, 37, 38, 39, 40, 41, 42, 43, 44, 45, 46, 47, 48, 50, 51, 52, 53, 54, 55, 56, 57, 61, 63, 64, 65, 66, 67, 68, 69, 70, 71, 72, 74, 76, 77, 78, 79, 80, 82, 83, 84, 86, 87, 88, 89, 90, 91, 92, 93, 94, 96, 97, 98, 100, 101, 102, 103, 106, 108, 109, 111, 112, 114, 115, 116, 117, 119, 120, 121, 122, 123, 124, 125, 127, 128, 129, 130, 131, 132, 133, 134, 135, 137, 138, 139, 140, 141, 142, 143, 144, 145, 146, 148, 149, 150, 151, 153, 154, 155, 156, 157, 158, 159, 160, 161, 162, 163, 165, 166, 167, 169, 170, 171, 172, 173, 174, 175, 176, 177, 178, 179, 180, 181, 182, 183, 184, 185, 186, 187, 188, 189, 190, 191, 193, 194, 195, 196, 197, 198, 199, 200, 201, 202, 203, 204, 205, 206, 207, 208, 209, 210, 211, 212, 214, 215, 216, 217, 218, 219, 222, 223, 224, 225, 227, 228, 230, 231, 232, 233, 234, 235, 236, 237, 238, 239, 242, 243, 244, 246, 247, 248, 249, 250, 251, 252, 253, 254, 255]",215,54,50,55,56,54
2,3,"[5, 7, 8, 14, 20, 26, 29, 34, 40, 59, 62, 70, 73, 75, 82, 85, 87, 94, 95, 96, 97, 99, 102, 105, 107, 112, 113, 121, 126, 134, 144, 146, 147, 152, 157, 158, 161, 168, 169, 170, 175, 178, 181, 185, 196, 203, 209, 210, 211, 213, 221, 226, 227, 230, 253]",55,9,17,17,12,14
2,4,"[5, 7, 11, 13, 14, 15, 16, 19, 21, 25, 26, 27, 29, 34, 35, 41, 43, 46, 49, 53, 55, 58, 60, 63, 66, 69, 70, 72, 74, 83, 85, 86, 87, 96, 97, 100, 102, 104, 108, 110, 112, 121, 134, 141, 144, 152, 158, 160, 161, 169, 170, 172, 175, 178, 181, 192, 195, 196, 199, 203, 204, 209, 211, 220, 227, 229, 230, 233, 241, 245, 249, 253]",72,16,23,16,17,18
2,5,"[5, 7, 11, 12, 13, 16, 19, 20, 21, 25, 27, 34, 35, 40, 41, 43, 46, 49, 53, 55, 62, 63, 64, 65, 66, 69, 70, 72, 74, 82, 83, 86, 94, 95, 100, 104, 105, 108, 118, 119, 136, 141, 146, 147, 148, 156, 160, 164, 175, 179, 185, 186, 189, 190, 195, 203, 204, 207, 210, 213, 220, 221, 226, 228, 229, 233, 237, 240, 241, 246, 248, 249]",72,19,20,16,17,18
2,6,"[4, 6, 10, 11, 14, 15, 19, 21, 26, 27, 28, 35, 38, 41, 47, 49, 50, 53, 55, 57, 58, 62, 64, 68, 70, 78, 81, 82, 83, 85, 87, 93, 94, 95, 99, 100, 101, 102, 104, 105, 112, 113, 119, 122, 131, 135, 137, 139, 143, 146, 147, 148, 149, 151, 152, 157, 158, 160, 163, 164, 165, 172, 175, 182, 185, 186, 187, 190, 192, 199, 200, 203, 207, 214, 215, 216, 219, 220, 221, 224, 225, 228, 229, 235, 237, 238, 241, 246, 247, 248, 254]",91,19,21,23,28,23
2,7,"[6, 10, 17, 24, 26, 27, 28, 34, 35, 38, 41, 47, 55, 56, 57, 61, 65, 78, 83, 89, 92, 97, 99, 101, 109, 110, 112, 116, 122, 136, 137, 138, 139, 141, 143, 146, 147, 149, 152, 156, 160, 165, 174, 176, 178, 186, 187, 189, 199, 200, 204, 206, 212, 216, 219, 220, 222, 224, 225, 228, 229, 235, 237, 238, 240, 241, 244, 247, 254]",69,20,18,17,14,18
2,8,"[2, 3, 4, 5, 7, 8, 9, 12, 13, 19, 24, 25, 27, 29, 34, 36, 37, 38, 41, 43, 45, 46, 50, 53, 56, 57, 61, 62, 64, 66, 68, 70, 72, 75, 76, 78, 81, 82, 84, 87, 89, 90, 92, 93, 94, 97, 98, 99, 100, 102, 103, 104, 105, 107, 109, 110, 114, 117, 118, 119, 120, 121, 128, 129, 130, 132, 135, 136, 140, 141, 142, 144, 145, 146, 147, 152, 159, 163, 164, 166, 170, 172, 174, 176, 177, 178, 179, 181, 182, 183, 185, 187, 195, 197, 198, 199, 200, 201, 203, 204, 205, 206, 208, 210, 212, 213, 214, 215, 216, 218, 220, 221, 222, 225, 227, 228, 230, 232, 237, 239, 240, 241, 242, 244, 245, 247, 248, 249, 250, 251, 253]",131,35,36,34,26,33
2,9,"[0, 4, 6, 7, 8, 9, 10, 11, 13, 15, 16, 17, 18, 19, 20, 21, 22, 23, 24, 29, 30, 31, 32, 33, 34, 35, 36, 37, 40, 41, 42, 44, 45, 46, 47, 48, 50, 51, 52, 53, 54, 56, 57, 59, 61, 62, 63, 64, 65, 66, 67, 68, 69, 70, 71, 72, 73, 74, 75, 79, 80, 81, 82, 83, 85, 86, 87, 88, 89, 90, 91, 92, 93, 94, 95, 96, 97, 98, 99, 100, 101, 102, 103, 104, 105, 106, 107, 108, 109, 111, 114, 115, 117, 118, 119, 120, 121, 122, 124, 125, 127, 129, 130, 131, 132, 133, 135, 136, 137, 138, 139, 141, 144, 147, 149, 150, 151, 153, 154, 156, 158, 160, 161, 162, 163, 164, 166, 167, 169, 171, 173, 174, 176, 177, 178, 179, 180, 181, 182, 183, 184, 185, 186, 187, 189, 190, 191, 192, 194, 195, 197, 198, 201, 203, 204, 205, 206, 208, 209, 210, 211, 212, 214, 215, 216, 217, 219, 221, 222, 224, 225, 226, 227, 228, 230, 231, 234, 235, 236, 237, 238, 239, 240, 241, 245, 246, 248, 250, 251, 252, 253, 254, 255]",193,45,50,49,49,49
2,10,"[1, 3, 5, 7, 12, 14, 16, 18, 21, 23, 25, 27, 28, 30, 32, 35, 38, 39, 40, 44, 49, 55, 56, 58, 59, 73, 75, 77, 78, 84, 98, 102, 104, 107, 113, 116, 121, 123, 126, 127, 136, 139, 140, 142, 143, 145, 146, 150, 152, 155, 157, 159, 160, 163, 168, 170, 172, 173, 174, 175, 178, 183, 184, 188, 199, 207, 211, 213, 217, 220, 223, 227, 229, 232, 233, 239, 242, 243, 244, 246, 247, 248, 254]",83,22,16,18,27,21
2,11,"[1, 2, 3, 4, 5, 12, 14, 16, 18, 21, 22, 23, 25, 26, 28, 32, 35, 36, 40, 42, 43, 44, 46, 47, 49, 53, 58, 59, 63, 64, 73, 75, 78, 85, 87, 93, 94, 95, 102, 107, 108, 111, 112, 116, 119, 122, 124, 127, 128, 136, 137, 139, 140, 146, 152, 154, 155, 157, 160, 163, 165, 168, 170, 174, 178, 183, 184, 187, 193, 196, 199, 200, 202, 211, 213, 215, 217, 218, 220, 222, 232, 235, 237, 239, 241, 248, 249, 250]",88,25,18,21,24,22
2,12,"[3, 4, 7, 8, 12, 14, 22, 23, 24, 25, 28, 32, 36, 42, 43, 44, 45, 46, 47, 49, 52, 53, 57, 58, 59, 61, 62, 63, 64, 67, 69, 71, 76, 78, 79, 85, 87, 92, 94, 95, 97, 98, 101, 104, 108, 111, 116, 119, 121, 122, 124, 127, 134, 136, 137, 141, 142, 146, 148, 150, 154, 157, 162, 163, 165, 168, 178, 182, 184, 185, 187, 188, 190, 192, 193, 196, 199, 200, 211, 212, 215, 217, 218, 220, 222, 226, 227, 235, 236, 237, 241, 243, 244, 247, 250, 254, 255]",97,28,20,24,25,25
2,13,"[3, 4, 7, 8, 10, 12, 16, 18, 19, 23, 27, 28, 29, 30, 34, 35, 38, 39, 42, 43, 47, 49, 55, 56, 57, 59, 61, 63, 64, 68, 82, 92, 97, 101, 102, 110, 111, 112, 117, 127, 134, 135, 136, 140, 142, 144, 150, 153, 155, 158, 160, 162, 163, 166, 171, 173, 178, 180, 181, 183, 184, 185, 187, 188, 190, 192, 193, 196, 199, 200, 203, 210, 211, 212, 215, 216, 222, 224, 226, 231, 232, 236, 244, 246, 247, 255]",86,26,12,21,27,22
2,14,"[1, 2, 5, 8, 15, 17, 18, 20, 21, 24, 30, 32, 34, 35, 38, 39, 42, 43, 44, 45, 46, 47, 49, 52, 53, 54, 58, 60, 62, 63, 65, 67, 68, 69, 71, 75, 79, 83, 84, 85, 87, 98, 101, 102, 105, 111, 112, 113, 115, 116, 117, 119, 122, 124, 126, 128, 135, 140, 141, 143, 144, 147, 148, 150, 152, 153, 156, 157, 158, 159, 160, 165, 166, 171, 172, 177, 179, 180, 181, 182, 187, 189, 202, 203, 206, 213, 214, 215, 216, 217, 219, 220, 222, 224, 225, 227, 231, 232, 233, 241, 242, 243, 250, 251, 253, 254]",106,25,27,25,29,27
2,15,"[0, 1, 2, 3, 7, 8, 10, 12, 15, 16, 17, 19, 20, 21, 26, 29, 44, 47, 49, 53, 54, 55, 58, 59, 61, 64, 65, 67, 70, 71, 75, 78, 79, 81, 82, 85, 86, 93, 101, 102, 110, 112, 113, 115, 116, 117, 119, 121, 122, 124, 125, 126, 128, 134, 136, 143, 152, 154, 156, 157, 158, 159, 162, 164, 168, 170, 171, 173, 177, 179, 182, 189, 196, 199, 202, 203, 212, 214, 225, 227, 230, 233, 235, 241, 242, 243, 246, 248, 250, 251, 253, 254]",92,19,24,26,23,23
2,16,"[0, 1, 2, 3, 4, 5, 6, 12, 16, 17, 23, 26, 27, 28, 30, 31, 40, 41, 44, 46, 47, 49, 53, 58, 59, 60, 61, 64, 67, 70, 75, 77, 78, 79, 81, 83, 84, 86, 91, 97, 98, 99, 107, 109, 112, 116, 117, 121, 125, 126, 128, 131, 134, 136, 137, 140, 142, 143, 145, 147, 151, 152, 154, 157, 158, 159, 161, 162, 167, 168, 171, 172, 175, 182, 183, 194, 198, 199, 200, 202, 207, 208, 210, 211, 212, 214, 230, 233, 235, 236, 240, 243, 244, 246, 248]",95,25,19,24,27,24
2,17,"[1, 7, 9, 10, 17, 24, 26, 27, 29, 30, 31, 32, 35, 39, 42, 44, 45, 50, 51, 52, 53, 54, 57, 58, 60, 62, 66, 67, 69, 71, 77, 80, 91, 97, 100, 102, 105, 109, 110, 114, 116, 117, 118, 120, 126, 127, 129, 130, 131, 135, 137, 140, 141, 147, 148, 151, 152, 156, 157, 158, 159, 160, 161, 163, 164, 165, 166, 167, 169, 174, 175, 178, 181, 182, 184, 189, 198, 200, 206, 207, 208, 210, 211, 212, 217, 220, 225, 228, 232, 236, 240, 243, 244, 248, 249, 251, 254]",97,26,25,24,22,25
2,18,"[0, 1, 2, 3, 5, 6, 7, 11, 16, 17, 18, 21, 22, 23, 24, 25, 26, 27, 31, 32, 35, 39, 42, 44, 45, 46, 48, 50, 51, 52, 57, 62, 63, 64, 65, 67, 71, 72, 73, 74, 80, 87, 91, 92, 95, 96, 97, 99, 101, 103, 110, 112, 114, 115, 117, 120, 122, 123, 124, 125, 126, 127, 129, 130, 131, 133, 135, 137, 139, 140, 141, 142, 143, 145, 146, 147, 151, 152, 153, 155, 157, 158, 159, 160, 161, 163, 165, 166, 170, 173, 174, 175, 177, 178, 181, 182, 184, 187, 190, 194, 195, 197, 199, 201, 206, 207, 208, 211, 212, 214, 215, 216, 217, 218, 219, 223, 225, 226, 228, 230, 231, 232, 233, 234, 235, 243, 248, 249, 251, 252, 255]",131,26,31,31,43,33
2,19,"[0, 1, 2, 5, 9, 11, 16, 17, 18, 22, 23, 25, 28, 31, 34, 37, 38, 41, 42, 43, 46, 48, 49, 50, 52, 54, 59, 60, 63, 67, 69, 71, 73, 74, 75, 79, 85, 86, 89, 91, 92, 93, 96, 100, 101, 103, 106, 107, 108, 110, 112, 114, 116, 118, 119, 122, 123, 124, 125, 126, 127, 129, 131, 132, 133, 134, 136, 137, 138, 139, 141, 143, 147, 149, 151, 152, 153, 155, 156, 157, 159, 161, 163, 165, 167, 168, 169, 172, 174, 177, 178, 179, 180, 182, 184, 187, 190, 193, 195, 196, 197, 200, 203, 206, 207, 208, 211, 212, 214, 215, 216, 217, 218, 223, 225, 226, 228, 230, 231, 232, 233, 234, 235, 238, 241, 242, 249, 252, 254, 255]",130,29,33,32,36,33
2,20,"[3, 9, 10, 14, 21, 23, 24, 25, 30, 34, 36, 40, 42, 43, 45, 46, 50, 53, 55, 57, 58, 59, 65, 66, 67, 71, 75, 78, 80, 81, 87, 89, 95, 97, 104, 106, 116, 119, 121, 124, 126, 130, 132, 134, 136, 138, 140, 142, 147, 148, 154, 157, 158, 159, 163, 165, 167, 172, 173, 175, 180, 185, 190, 191, 192, 196, 199, 201, 204, 210, 212, 213, 214, 217, 219, 220, 222, 228, 237, 238, 239, 247, 249, 250, 252, 255]",86,20,20,24,22,22
2,21,"[3, 9, 10, 23, 24, 25, 28, 29, 32, 33, 36, 38, 40, 41, 43, 44, 47, 49, 50, 51, 52, 53, 57, 58, 60, 61, 63, 65, 66, 69, 70, 71, 72, 74, 77, 78, 79, 80, 81, 85, 86, 87, 89, 90, 91, 92, 93, 94, 96, 97, 103, 104, 108, 109, 115, 116, 117, 118, 119, 120, 121, 122, 124, 125, 126, 127, 130, 132, 133, 134, 137, 140, 141, 145, 147, 148, 149, 150, 151, 153, 154, 156, 158, 163, 166, 168, 169, 170, 173, 177, 181, 182, 184, 185, 188, 190, 191, 192, 193, 194, 196, 197, 198, 200, 201, 202, 203, 206, 210, 212, 216, 219, 220, 222, 223, 224, 228, 231, 232, 233, 236, 237, 238, 239, 242, 244, 245, 248, 249, 252, 253, 255]",132,37,40,31,24,33
2,22,"[1, 3, 5, 6, 12, 13, 15, 17, 20, 21, 23, 26, 27, 28, 29, 30, 31, 32, 34, 36, 37, 38, 39, 41, 42, 44, 45, 46, 48, 49, 50, 52, 53, 54, 58, 60, 61, 64, 65, 66, 67, 68, 70, 71, 72, 73, 77, 78, 80, 85, 89, 90, 92, 95, 96, 99, 102, 103, 105, 107, 108, 111, 113, 114, 115, 117, 118, 119, 122, 123, 124, 125, 126, 128, 129, 131, 132, 133, 134, 135, 136, 138, 139, 141, 142, 145, 146, 148, 150, 152, 153, 154, 155, 156, 160, 164, 165, 166, 167, 170, 171, 175, 177, 178, 179, 180, 181, 186, 187, 188, 189, 190, 191, 192, 193, 196, 197, 198, 200, 202, 203, 204, 206, 207, 209, 210, 211, 213, 216, 217, 219, 220, 222, 224, 227, 228, 229, 230, 231, 232, 233, 234, 235, 237, 238, 240, 241, 242, 243, 245, 246, 247, 248, 249, 250, 251, 253, 254, 255]",159,38,42,42,37,40
2,23,"[0, 2, 4, 6, 9, 11, 16, 19, 22, 24, 27, 31, 33, 37, 39, 40, 41, 46, 51, 53, 56, 58, 59, 65, 66, 67, 69, 70, 76, 80, 81, 82, 83, 84, 86, 88, 89, 91, 93, 96, 98, 99, 101, 102, 103, 104, 105, 106, 107, 109, 110, 112, 114, 116, 118, 119, 120, 121, 122, 125, 128, 130, 132, 133, 134, 141, 144, 149, 150, 151, 153, 159, 162, 163, 165, 166, 168, 169, 171, 172, 174, 175, 176, 177, 178, 179, 180, 183, 185, 188, 190, 193, 194, 195, 196, 197, 199, 200, 202, 206, 207, 208, 211, 212, 213, 216, 217, 218, 221, 222, 224, 227, 232, 233, 236, 239, 241, 243, 244, 246, 247, 249, 250, 251, 252]",125,33,31,31,30,32
2,24,"[0, 2, 3, 4, 6, 7, 10, 11, 13, 16, 17, 19, 21, 22, 23, 26, 27, 28, 30, 31, 32, 33, 34, 35, 36, 38, 39, 40, 42, 43, 44, 45, 46, 47, 48, 54, 56, 59, 60, 63, 65, 66, 67, 69, 70, 71, 72, 73, 76, 79, 80, 81, 84, 86, 88, 89, 93, 94, 95, 96, 97, 98, 99, 100, 101, 103, 104, 105, 107, 110, 114, 117, 118, 121, 125, 127, 128, 129, 131, 132, 133, 134, 135, 136, 138, 139, 140, 141, 144, 145, 149, 152, 153, 154, 155, 156, 158, 160, 161, 162, 164, 166, 167, 168, 171, 172, 173, 176, 177, 178, 180, 181, 182, 185, 186, 188, 189, 192, 194, 195, 196, 199, 200, 201, 206, 208, 209, 210, 211, 213, 214, 216, 217, 218, 220, 222, 224, 225, 227, 229, 230, 231, 232, 233, 234, 237, 238, 239, 240, 241, 244, 247, 249, 250, 251, 254]",156,43,39,39,35,39
2,25,"[0, 1, 3, 6, 8, 10, 11, 12, 13, 18, 19, 21, 22, 23, 25, 26, 30, 33, 37, 38, 42, 43, 44, 48, 49, 50, 51, 52, 54, 56, 57, 61, 62, 63, 66, 70, 73, 76, 77, 78, 79, 80, 83, 85, 87, 88, 89, 90, 91, 92, 94, 95, 96, 101, 103, 104, 105, 106, 108, 109, 114, 115, 116, 118, 119, 120, 122, 125, 126, 127, 135, 136, 139, 141, 143, 145, 146, 148, 151, 152, 153, 155, 157, 158, 159, 160, 163, 165, 166, 167, 169, 170, 171, 173, 174, 175, 177, 178, 179, 182, 183, 184, 186, 187, 190, 191, 192, 193, 195, 197, 198, 199, 201, 202, 204, 206, 207, 208, 212, 214, 215, 216, 219, 221, 222, 224, 226, 227, 228, 229, 233, 234, 235, 236, 242, 243, 245, 247, 248, 249, 252, 253, 254]",143,31,34,39,39,36
2,26,"[0, 1, 6, 7, 9, 11, 12, 15, 17, 18, 20, 21, 22, 24, 26, 27, 29, 31, 32, 33, 35, 36, 43, 47, 54, 55, 57, 59, 68, 70, 71, 72, 75, 77, 82, 83, 86, 88, 89, 90, 95, 96, 97, 98, 99, 100, 104, 105, 106, 107, 109, 111, 112, 113, 124, 126, 130, 133, 134, 138, 140, 144, 146, 149, 152, 153, 154, 155, 156, 159, 161, 162, 164, 165, 167, 171, 173, 175, 176, 183, 184, 185, 187, 190, 191, 192, 193, 194, 196, 197, 199, 200, 202, 203, 206, 207, 208, 210, 211, 214, 215, 219, 221, 225, 227, 229, 230, 231, 234, 235, 236, 238, 239, 240, 243, 244, 245, 247, 248, 250, 252, 254]",122,30,26,29,37,31
2,27,"[0, 1, 2, 3, 5, 6, 10, 13, 14, 18, 21, 22, 24, 25, 27, 29, 31, 33, 34, 35, 42, 43, 47, 50, 51, 54, 55, 56, 62, 64, 71, 72, 75, 76, 77, 79, 80, 81, 89, 90, 95, 96, 98, 100, 101, 106, 109, 112, 113, 114, 129, 130, 131, 133, 134, 138, 140, 141, 142, 149, 150, 155, 157, 158, 159, 160, 162, 163, 167, 169, 171, 175, 176, 185, 186, 189, 190, 191, 196, 197, 198, 199, 204, 206, 210, 215, 217, 221, 224, 227, 229, 231, 234, 235, 238, 239, 240, 242, 244, 245, 247, 248, 255]",103,19,26,30,28,26
2,28,"[0, 1, 3, 4, 6, 7, 8, 10, 12, 15, 17, 19, 20, 23, 25, 29, 30, 32, 33, 36, 38, 39, 40, 44, 46, 49, 51, 52, 53, 56, 57, 60, 61, 62, 63, 64, 66, 67, 69, 70, 73, 78, 84, 87, 91, 92, 95, 97, 100, 102, 104, 106, 110, 111, 113, 115, 116, 117, 118, 119, 120, 121, 122, 123, 124, 127, 128, 129, 131, 137, 139, 140, 143, 144, 147, 148, 151, 153, 157, 159, 161, 164, 165, 167, 168, 171, 176, 177, 181, 182, 183, 184, 185, 186, 187, 193, 195, 199, 200, 201, 202, 203, 204, 205, 209, 210, 213, 214, 218, 219, 220, 221, 222, 223, 225, 226, 228, 230, 231, 233, 236, 238, 241, 243, 245, 246, 247, 249, 250, 251, 253, 254, 255]",133,33,36,27,37,34
2,29,"[0, 1, 2, 5, 9, 11, 15, 23, 26, 28, 30, 32, 33, 36, 37, 40, 41, 42, 45, 48, 51, 52, 54, 55, 56, 58, 59, 60, 64, 65, 67, 72, 74, 75, 77, 81, 83, 85, 87, 89, 91, 93, 95, 96, 106, 107, 108, 109, 111, 114, 115, 116, 117, 119, 120, 121, 122, 126, 135, 140, 141, 147, 148, 153, 155, 159, 160, 163, 164, 165, 167, 171, 172, 176, 178, 183, 185, 186, 187, 189, 190, 201, 204, 205, 206, 207, 209, 212, 213, 214, 215, 216, 218, 219, 220, 221, 222, 225, 226, 227, 228, 229, 231, 234, 235, 236, 237, 240, 241, 242, 244, 245, 249, 252, 253, 255]",116,30,33,21,32,29
2,30,"[0, 1, 4, 6, 7, 8, 9, 11, 12, 13, 14, 15, 16, 17, 19, 20, 22, 24, 25, 26, 27, 28, 29, 30, 31, 32, 35, 38, 39, 41, 42, 43, 44, 47, 49, 55, 58, 61, 62, 63, 66, 67, 69, 70, 71, 73, 74, 75, 78, 79, 80, 84, 85, 86, 87, 89, 92, 94, 98, 101, 102, 103, 106, 107, 108, 110, 111, 114, 115, 116, 120, 122, 124, 125, 126, 128, 129, 130, 132, 134, 138, 143, 144, 146, 150, 151, 153, 154, 158, 159, 160, 161, 162, 163, 165, 167, 168, 175, 176, 177, 178, 180, 181, 182, 184, 191, 193, 195, 196, 197, 199, 200, 202, 203, 204, 206, 207, 208, 210, 211, 212, 214, 217, 221, 223, 224, 225, 226, 227, 228, 230, 231, 233, 235, 237, 238, 241, 243, 246, 249, 250, 252, 253, 254]",144,33,31,42,38,36
2,31,"[5, 6, 7, 9, 11, 12, 14, 17, 18, 19, 22, 23, 24, 26, 28, 30, 31, 34, 37, 39, 40, 41, 50, 51, 55, 56, 57, 59, 60, 66, 69, 72, 74, 76, 85, 87, 88, 89, 90, 91, 92, 97, 98, 105, 107, 110, 112, 117, 122, 124, 126, 127, 128, 132, 134, 136, 138, 142, 143, 144, 145, 146, 148, 149, 152, 155, 156, 160, 162, 163, 164, 166, 168, 169, 172, 174, 176, 177, 178, 179, 180, 183, 184, 187, 190, 191, 193, 195, 197, 199, 200, 201, 202, 203, 204, 206, 207, 208, 209, 212, 213, 214, 218, 220, 221, 222, 223, 224, 235, 236, 237, 240, 241, 243, 245, 246, 248, 250, 252, 254, 255]",121,36,25,32,28,31
2,32,"[5, 6, 8, 11, 13, 16, 20, 25, 26, 27, 28, 32, 35, 36, 37, 44, 45, 46, 47, 49, 51, 52, 54, 57, 62, 63, 66, 70, 71, 73, 74, 76, 79, 80, 81, 83, 86, 89, 93, 95, 104, 107, 108, 109, 114, 115, 117, 119, 127, 129, 132, 141, 145, 146, 149, 150, 151, 152, 153, 154, 155, 158, 160, 161, 165, 167, 168, 169, 172, 174, 178, 181, 182, 183, 185, 197, 199, 204, 207, 212, 213, 216, 219, 221, 228, 229, 230, 231, 234, 235, 237, 238, 240, 241, 242, 243, 244, 246, 247, 251, 253, 255]",102,23,30,22,27,26
2,33,"[0, 2, 4, 5, 8, 10, 13, 14, 16, 17, 19, 20, 21, 22, 23, 27, 28, 29, 30, 31, 33, 39, 40, 41, 43, 44, 46, 47, 48, 51, 52, 53, 55, 56, 59, 60, 61, 63, 64, 65, 67, 68, 69, 70, 72, 76, 77, 78, 82, 84, 85, 87, 88, 90, 92, 94, 96, 98, 100, 101, 102, 103, 105, 109, 111, 112, 113, 114, 115, 119, 120, 122, 123, 124, 125, 126, 127, 128, 130, 131, 132, 134, 135, 136, 137, 138, 140, 142, 145, 147, 149, 150, 153, 154, 155, 156, 157, 158, 161, 162, 163, 164, 167, 168, 170, 171, 173, 174, 175, 176, 180, 184, 186, 188, 189, 191, 193, 194, 195, 196, 199, 201, 202, 203, 205, 206, 207, 208, 211, 213, 214, 215, 216, 217, 218, 222, 223, 224, 225, 226, 228, 232, 233, 234, 236, 238, 239, 245, 248, 249, 251, 252, 253, 254, 255]",155,44,36,37,38,39
2,34,"[1, 2, 4, 5, 6, 7, 9, 10, 11, 12, 13, 14, 16, 17, 19, 20, 21, 22, 23, 24, 25, 26, 28, 33, 34, 35, 37, 39, 43, 44, 47, 49, 50, 53, 54, 55, 56, 57, 58, 59, 60, 61, 62, 64, 65, 67, 68, 70, 71, 72, 73, 74, 75, 78, 79, 80, 81, 82, 85, 88, 91, 95, 98, 100, 101, 104, 108, 109, 113, 114, 115, 116, 118, 121, 123, 125, 128, 129, 130, 132, 133, 136, 141, 142, 143, 144, 146, 147, 148, 149, 150, 151, 152, 155, 157, 158, 159, 161, 162, 166, 167, 168, 170, 171, 174, 177, 179, 180, 181, 182, 183, 184, 185, 186, 187, 189, 192, 194, 196, 198, 199, 200, 210, 211, 212, 213, 215, 216, 220, 223, 227, 228, 229, 230, 231, 232, 233, 234, 235, 236, 239, 242, 243, 244, 246, 250, 251, 253, 254, 255]",150,37,36,38,39,38
2,35,"[4, 5, 7, 8, 9, 12, 14, 15, 23, 24, 25, 28, 31, 35, 36, 38, 40, 41, 42, 43, 44, 45, 49, 51, 54, 55, 59, 61, 62, 64, 65, 66, 67, 68, 69, 70, 72, 73, 76, 77, 78, 80, 83, 84, 86, 87, 88, 89, 90, 92, 93, 95, 97, 98, 102, 103, 106, 108, 110, 112, 113, 117, 118, 119, 120, 122, 124, 125, 126, 129, 130, 131, 132, 134, 135, 138, 143, 144, 145, 146, 148, 149, 150, 152, 154, 155, 157, 158, 159, 163, 164, 168, 172, 173, 175, 176, 177, 178, 182, 184, 185, 188, 190, 191, 192, 195, 197, 198, 199, 202, 203, 204, 205, 206, 208, 209, 211, 213, 216, 218, 219, 220, 221, 222, 224, 228, 230, 237, 238, 240, 243, 245, 248, 249, 251, 253, 255]",137,39,33,34,31,35
2,36,"[1, 4, 5, 6, 8, 10, 12, 13, 15, 17, 18, 19, 22, 26, 29, 31, 33, 35, 38, 39, 40, 41, 42, 43, 44, 45, 46, 47, 48, 49, 50, 51, 53, 54, 55, 57, 58, 60, 63, 66, 69, 70, 73, 74, 78, 79, 82, 83, 85, 87, 92, 93, 97, 99, 100, 102, 103, 104, 107, 108, 109, 110, 117, 118, 119, 120, 123, 124, 125, 128, 131, 132, 133, 135, 136, 138, 139, 142, 143, 144, 146, 147, 148, 150, 152, 154, 155, 158, 159, 160, 161, 162, 163, 164, 168, 169, 170, 171, 174, 176, 177, 180, 186, 188, 189, 191, 192, 195, 197, 198, 199, 200, 202, 203, 204, 205, 208, 209, 211, 213, 216, 217, 219, 220, 221, 222, 223, 224, 227, 228, 230, 232, 233, 234, 236, 239, 243, 245, 246, 248, 249, 250, 251, 252, 253, 254, 255]",147,37,34,37,39,37
2,37,"[0, 2, 5, 8, 9, 10, 11, 12, 14, 15, 17, 20, 22, 23, 25, 28, 31, 32, 33, 35, 37, 38, 39, 40, 41, 43, 45, 47, 48, 50, 51, 52, 53, 59, 60, 62, 63, 64, 65, 67, 68, 69, 71, 72, 73, 75, 76, 79, 80, 84, 86, 89, 90, 91, 93, 94, 95, 96, 97, 100, 102, 103, 104, 105, 106, 108, 112, 113, 114, 115, 116, 117, 118, 119, 120, 122, 123, 124, 126, 127, 128, 129, 134, 137, 138, 139, 141, 143, 144, 145, 146, 147, 149, 151, 155, 157, 158, 162, 163, 165, 167, 168, 169, 170, 171, 172, 173, 174, 178, 179, 181, 182, 183, 184, 189, 191, 192, 195, 196, 198, 200, 201, 202, 203, 205, 206, 207, 209, 211, 215, 217, 221, 222, 223, 224, 227, 228, 229, 230, 235, 240, 242, 243, 245, 246, 249, 250, 252, 253, 254, 255]",151,36,38,34,43,38
2,38,"[0, 1, 2, 3, 6, 9, 11, 14, 15, 24, 26, 28, 30, 31, 33, 35, 36, 38, 41, 42, 44, 47, 50, 51, 52, 53, 55, 57, 62, 69, 71, 72, 73, 76, 77, 79, 83, 84, 85, 86, 88, 91, 94, 96, 97, 99, 100, 103, 108, 111, 114, 116, 118, 121, 123, 125, 127, 129, 133, 134, 136, 137, 138, 139, 141, 142, 144, 148, 149, 150, 151, 156, 162, 164, 169, 171, 172, 173, 176, 177, 180, 183, 184, 186, 191, 192, 194, 196, 198, 201, 203, 205, 206, 207, 209, 210, 211, 213, 215, 216, 217, 221, 223, 224, 227, 231, 232, 236, 239, 240, 244, 246, 248, 249, 253]",115,32,29,24,30,29
2,39,"[2, 3, 5, 6, 7, 12, 24, 28, 31, 33, 34, 35, 37, 40, 42, 43, 44, 46, 50, 56, 59, 60, 62, 64, 67, 68, 72, 75, 76, 78, 79, 85, 91, 93, 97, 99, 105, 106, 107, 117, 119, 120, 126, 128, 129, 134, 143, 145, 148, 149, 162, 164, 173, 177, 178, 181, 182, 185, 186, 192, 198, 205, 206, 207, 209, 211, 212, 213, 215, 216, 222, 229, 230, 231, 232, 233, 235, 238, 242, 243, 244, 245, 247, 249, 250, 252, 253, 254]",88,21,23,23,21,22
2,40,"[0, 1, 2, 3, 4, 5, 6, 7, 10, 12, 14, 16, 18, 19, 20, 23, 24, 27, 28, 29, 35, 41, 42, 43, 45, 46, 47, 49, 50, 53, 58, 59, 60, 62, 65, 66, 69, 70, 72, 73, 74, 80, 82, 84, 85, 87, 89, 90, 91, 92, 95, 96, 98, 100, 101, 103, 105, 107, 108, 112, 113, 115, 116, 117, 118, 120, 121, 122, 123, 124, 125, 128, 129, 130, 137, 139, 141, 143, 144, 145, 146, 148, 149, 151, 153, 154, 156, 157, 158, 159, 160, 162, 164, 166, 175, 178, 184, 186, 187, 189, 190, 191, 192, 193, 197, 199, 203, 204, 205, 207, 208, 209, 210, 215, 218, 221, 222, 225, 227, 230, 231, 232, 233, 235, 236, 237, 241, 242, 244, 245, 246, 247, 251, 252]",134,33,36,33,32,34
2,41,"[0, 1, 3, 4, 5, 6, 7, 9, 10, 11, 12, 14, 17, 19, 20, 21, 22, 23, 25, 26, 27, 29, 30, 31, 32, 33, 34, 35, 36, 37, 40, 42, 43, 47, 48, 53, 55, 56, 57, 58, 61, 63, 64, 65, 66, 68, 69, 70, 72, 73, 75, 77, 79, 80, 81, 82, 83, 84, 87, 88, 90, 91, 95, 97, 98, 102, 103, 105, 106, 107, 108, 112, 113, 115, 116, 118, 120, 122, 123, 124, 126, 127, 130, 135, 139, 143, 144, 147, 151, 152, 153, 155, 157, 158, 163, 169, 170, 171, 172, 173, 174, 175, 176, 178, 180, 182, 183, 185, 186, 187, 189, 191, 194, 195, 196, 197, 198, 199, 200, 201, 202, 203, 204, 206, 208, 210, 212, 213, 215, 216, 219, 220, 221, 223, 226, 227, 229, 230, 231, 232, 233, 235, 236, 237, 239, 243, 244, 245, 247, 248, 249, 251, 253, 254]",154,36,36,34,48,39
2,42,"[1, 3, 4, 7, 9, 10, 11, 17, 21, 25, 26, 28, 32, 33, 34, 35, 36, 46, 47, 48, 49, 53, 55, 59, 62, 63, 65, 67, 68, 69, 71, 74, 77, 78, 79, 80, 84, 85, 87, 88, 89, 91, 94, 95, 98, 101, 104, 105, 106, 107, 108, 109, 115, 116, 117, 118, 119, 120, 121, 123, 126, 127, 135, 137, 138, 139, 140, 141, 143, 147, 149, 150, 151, 152, 153, 154, 156, 157, 158, 159, 160, 161, 164, 165, 166, 167, 168, 169, 170, 171, 172, 173, 176, 177, 186, 189, 191, 193, 194, 195, 196, 198, 200, 204, 205, 206, 207, 211, 215, 216, 217, 218, 219, 224, 231, 235, 237, 238, 239, 240, 241, 242, 244, 246, 247, 248, 249, 250, 252]",129,30,35,27,37,33
2,43,"[1, 2, 3, 7, 8, 10, 11, 12, 16, 17, 18, 20, 21, 22, 23, 24, 25, 26, 28, 30, 32, 33, 34, 40, 42, 52, 53, 56, 60, 61, 64, 65, 69, 72, 73, 75, 76, 77, 85, 87, 90, 92, 93, 95, 96, 98, 100, 104, 109, 115, 119, 120, 121, 125, 126, 128, 133, 135, 136, 141, 142, 143, 145, 146, 147, 148, 149, 153, 158, 161, 166, 167, 171, 172, 174, 175, 176, 177, 178, 181, 182, 184, 186, 189, 190, 194, 204, 205, 209, 213, 215, 216, 218, 220, 222, 224, 225, 228, 230, 233, 234, 235, 236, 237, 238, 239, 242, 243, 244, 248, 252, 254, 255]",113,34,31,28,20,29
2,44,"[3, 5, 8, 9, 10, 12, 13, 14, 16, 17, 18, 20, 25, 26, 27, 37, 39, 40, 41, 42, 43, 44, 45, 46, 47, 50, 52, 57, 64, 65, 66, 71, 76, 77, 78, 80, 83, 85, 90, 93, 99, 100, 101, 102, 104, 105, 108, 111, 112, 113, 114, 115, 116, 118, 120, 121, 122, 123, 124, 128, 129, 132, 133, 135, 136, 138, 140, 141, 145, 146, 149, 151, 158, 160, 166, 167, 168, 170, 171, 172, 174, 177, 178, 179, 180, 181, 182, 185, 186, 189, 191, 194, 196, 197, 198, 199, 201, 211, 212, 213, 219, 220, 224, 230, 234, 236, 238, 239, 240, 244, 247, 248, 249, 252, 255]",115,34,30,28,23,29
2,45,"[0, 2, 3, 4, 7, 8, 10, 13, 14, 16, 17, 20, 21, 22, 25, 29, 32, 35, 36, 38, 39, 40, 41, 42, 44, 45, 50, 54, 56, 58, 59, 62, 65, 67, 71, 74, 78, 80, 81, 83, 85, 86, 92, 94, 98, 100, 101, 104, 107, 108, 114, 115, 119, 120, 121, 122, 125, 126, 128, 130, 131, 132, 133, 134, 136, 138, 139, 140, 145, 146, 147, 150, 151, 153, 160, 163, 165, 168, 172, 175, 180, 181, 182, 183, 184, 185, 186, 189, 193, 194, 195, 196, 197, 198, 201, 202, 203, 206, 208, 209, 210, 212, 214, 215, 216, 217, 218, 219, 220, 223, 224, 226, 227, 228, 236, 237, 238, 239, 244, 245, 247, 248, 250, 254]",124,35,27,36,26,31
2,46,"[0, 1, 9, 11, 12, 15, 16, 18, 25, 27, 28, 30, 32, 33, 35, 37, 38, 40, 41, 42, 44, 45, 47, 51, 54, 55, 57, 58, 60, 62, 64, 65, 66, 67, 68, 69, 70, 71, 74, 75, 78, 79, 80, 83, 85, 88, 91, 93, 94, 95, 98, 100, 103, 105, 106, 107, 108, 109, 110, 111, 112, 113, 114, 115, 116, 117, 118, 120, 126, 128, 129, 130, 131, 133, 134, 138, 139, 140, 144, 145, 148, 149, 151, 153, 155, 156, 157, 158, 159, 160, 161, 163, 164, 165, 168, 169, 171, 175, 178, 179, 182, 183, 184, 187, 189, 190, 191, 193, 194, 196, 198, 200, 201, 202, 204, 206, 207, 208, 210, 211, 212, 214, 217, 220, 222, 224, 230, 231, 232, 233, 235, 238, 240, 243, 246, 248, 250, 252, 254]",139,37,30,37,35,35
2,47,"[0, 3, 5, 6, 7, 8, 10, 13, 17, 19, 20, 21, 23, 25, 26, 32, 34, 35, 36, 37, 38, 39, 40, 42, 43, 45, 49, 51, 52, 56, 57, 58, 63, 67, 71, 73, 74, 75, 77, 79, 82, 84, 87, 89, 90, 93, 97, 98, 100, 101, 104, 107, 115, 116, 118, 119, 128, 129, 130, 131, 135, 136, 137, 138, 139, 140, 142, 145, 152, 153, 154, 156, 162, 163, 166, 167, 171, 172, 173, 174, 176, 177, 179, 181, 182, 183, 184, 186, 190, 192, 193, 196, 198, 201, 202, 205, 206, 207, 208, 209, 211, 214, 215, 217, 220, 221, 227, 228, 229, 238, 239, 240, 242, 244, 246, 247, 250, 253, 255]",119,27,30,30,32,30
2,48,"[3, 4, 6, 7, 10, 11, 14, 15, 17, 19, 20, 21, 23, 24, 25, 26, 28, 29, 30, 31, 34, 40, 43, 45, 53, 54, 55, 59, 60, 63, 64, 65, 66, 68, 69, 71, 72, 73, 74, 75, 77, 82, 86, 87, 88, 91, 93, 96, 97, 100, 101, 102, 106, 107, 109, 110, 116, 120, 121, 123, 124, 125, 128, 132, 133, 134, 138, 139, 140, 143, 146, 147, 151, 152, 154, 157, 160, 162, 163, 165, 166, 167, 170, 172, 174, 175, 177, 180, 181, 185, 189, 191, 193, 194, 195, 197, 200, 206, 209, 210, 214, 215, 216, 219, 220, 221, 226, 228, 229, 231, 233, 234, 236, 237, 238, 240, 243, 246, 247, 254, 255]",121,28,30,31,32,31
2,49,"[0, 1, 5, 6, 11, 13, 17, 21, 22, 23, 24, 25, 27, 35, 37, 38, 40, 41, 46, 47, 48, 51, 56, 58, 66, 67, 69, 70, 76, 78, 79, 80, 81, 83, 84, 87, 89, 91, 92, 95, 97, 98, 100, 105, 106, 109, 110, 112, 113, 115, 116, 119, 120, 126, 127, 130, 132, 133, 135, 141, 143, 144, 145, 148, 150, 152, 153, 154, 155, 156, 157, 158, 163, 166, 169, 171, 174, 175, 176, 177, 178, 181, 191, 194, 199, 200, 201, 203, 204, 206, 208, 210, 211, 214, 215, 222, 224, 225, 228, 231, 234, 235, 236, 238, 240, 242, 244, 245, 247, 248, 250, 252, 253, 255]",114,29,27,28,30,29
2,50,"[3, 5, 6, 7, 10, 12, 15, 21, 24, 25, 31, 32, 34, 35, 38, 39, 40, 43, 44, 46, 49, 53, 55, 56, 57, 59, 60, 62, 64, 65, 67, 73, 74, 77, 78, 80, 82, 83, 84, 87, 89, 92, 95, 104, 105, 106, 109, 110, 112, 113, 114, 115, 121, 125, 129, 131, 133, 134, 137, 139, 140, 143, 144, 145, 147, 148, 152, 153, 155, 156, 158, 163, 166, 167, 169, 170, 171, 174, 175, 176, 179, 180, 181, 186, 190, 192, 195, 197, 200, 201, 204, 205, 207, 213, 214, 215, 220, 223, 224, 226, 228, 230, 231, 232, 235, 236, 238, 245, 246, 248, 250, 253]",112,29,28,25,30,28
2,51,"[1, 3, 4, 5, 7, 8, 10, 12, 14, 15, 16, 17, 18, 20, 23, 25, 26, 27, 28, 30, 31, 32, 33, 35, 36, 37, 38, 39, 41, 43, 44, 46, 47, 48, 51, 52, 53, 55, 56, 59, 61, 65, 67, 69, 70, 71, 72, 73, 74, 76, 77, 78, 79, 80, 81, 82, 85, 89, 90, 91, 92, 94, 95, 96, 97, 98, 99, 102, 103, 106, 113, 116, 120, 121, 126, 127, 128, 134, 135, 136, 139, 141, 142, 145, 146, 147, 150, 151, 153, 154, 159, 160, 167, 170, 171, 173, 175, 176, 177, 178, 180, 182, 185, 187, 191, 192, 194, 195, 203, 204, 206, 212, 213, 215, 217, 219, 222, 223, 224, 232, 234, 237, 238, 240, 247, 250, 255]",127,30,28,31,38,32
2,52,"[1, 2, 9, 14, 18, 20, 23, 26, 27, 28, 30, 35, 39, 43, 44, 47, 52, 53, 57, 59, 61, 62, 64, 65, 67, 70, 73, 74, 79, 84, 85, 87, 91, 98, 99, 102, 105, 106, 111, 113, 117, 119, 120, 123, 124, 126, 129, 132, 135, 139, 143, 144, 145, 159, 160, 161, 163, 164, 169, 171, 172, 178, 181, 182, 184, 185, 188, 194, 195, 196, 201, 203, 212, 219, 223, 233, 235, 240, 247, 250]",80,18,19,16,27,20
2,53,"[5, 8, 14, 15, 20, 22, 23, 26, 27, 29, 30, 34, 35, 36, 40, 42, 45, 47, 52, 53, 57, 59, 60, 64, 69, 70, 71, 73, 74, 79, 80, 83, 86, 87, 88, 90, 91, 93, 95, 98, 99, 100, 102, 103, 105, 106, 108, 109, 111, 113, 117, 121, 126, 132, 133, 140, 148, 155, 156, 160, 162, 163, 171, 178, 180, 182, 185, 187, 188, 189, 190, 192, 195, 196, 198, 199, 202, 210, 212, 213, 215, 216, 219, 222, 223, 230, 231, 233, 235, 239, 240, 242, 243, 245, 247, 248, 249, 250, 251, 252, 254]",101,25,20,26,30,26
2,54,"[2, 3, 5, 8, 9, 12, 14, 16, 22, 26, 27, 28, 30, 34, 36, 38, 39, 40, 42, 45, 46, 51, 53, 61, 62, 64, 65, 69, 76, 82, 83, 88, 90, 94, 95, 98, 100, 103, 105, 108, 109, 114, 117, 120, 121, 124, 135, 138, 140, 147, 149, 150, 153, 155, 156, 159, 161, 162, 171, 172, 178, 180, 181, 183, 184, 186, 187, 189, 190, 191, 194, 195, 196, 198, 199, 200, 203, 204, 210, 213, 214, 215, 217, 219, 224, 230, 231, 232, 236, 237, 239, 240, 242, 243, 248, 249, 251, 252, 253, 254]",100,27,21,28,24,25
2,55,"[1, 2, 5, 14, 15, 16, 19, 23, 26, 27, 29, 30, 39, 40, 41, 42, 46, 47, 48, 51, 53, 62, 67, 70, 71, 72, 73, 79, 80, 81, 83, 85, 90, 94, 95, 98, 102, 104, 105, 108, 111, 114, 117, 119, 121, 123, 124, 126, 127, 129, 133, 137, 139, 143, 144, 145, 148, 153, 155, 158, 166, 168, 171, 178, 180, 183, 190, 191, 192, 195, 196, 200, 201, 202, 204, 205, 214, 215, 217, 222, 223, 224, 231, 232, 238, 239, 240, 243, 248, 253]",90,20,20,22,28,23
2,56,"[3, 4, 8, 9, 12, 16, 19, 23, 33, 34, 38, 41, 42, 44, 45, 47, 48, 50, 57, 59, 60, 64, 69, 70, 73, 76, 79, 80, 82, 88, 92, 93, 95, 99, 100, 102, 104, 107, 108, 111, 116, 121, 126, 127, 129, 133, 134, 135, 137, 138, 139, 140, 142, 143, 144, 145, 146, 148, 149, 150, 152, 154, 155, 156, 157, 158, 159, 164, 165, 166, 168, 169, 173, 174, 180, 181, 186, 188, 190, 202, 205, 211, 215, 223, 233, 236, 237, 238, 239, 245, 248, 252]",92,28,23,21,20,23
2,57,"[1, 2, 5, 6, 8, 9, 14, 15, 16, 17, 20, 24, 25, 28, 29, 30, 33, 34, 36, 38, 39, 40, 41, 47, 48, 49, 50, 51, 52, 55, 57, 58, 59, 62, 67, 69, 70, 71, 76, 77, 79, 82, 83, 84, 85, 86, 87, 88, 90, 91, 92, 94, 98, 99, 100, 102, 103, 107, 108, 112, 115, 116, 119, 120, 122, 124, 126, 127, 128, 129, 132, 133, 134, 135, 136, 138, 139, 141, 143, 144, 146, 147, 148, 152, 156, 159, 162, 163, 165, 166, 167, 169, 170, 171, 172, 173, 177, 178, 181, 184, 185, 186, 191, 192, 193, 196, 197, 200, 201, 202, 203, 204, 211, 216, 218, 219, 220, 223, 224, 226, 227, 228, 229, 230, 231, 232, 233, 236, 237, 240, 241, 243, 247, 249, 250, 252, 255]",137,40,30,31,36,35
2,58,"[0, 1, 2, 4, 6, 8, 10, 14, 15, 16, 17, 18, 20, 24, 25, 27, 29, 32, 33, 34, 36, 38, 39, 41, 43, 45, 46, 47, 48, 49, 51, 53, 55, 56, 58, 59, 61, 62, 65, 66, 67, 69, 70, 71, 72, 76, 77, 78, 79, 80, 81, 82, 84, 85, 87, 88, 91, 92, 94, 98, 99, 102, 103, 104, 111, 112, 115, 117, 118, 119, 121, 123, 124, 126, 127, 128, 129, 132, 134, 135, 136, 138, 140, 141, 142, 144, 145, 149, 151, 154, 161, 162, 163, 166, 167, 169, 171, 172, 174, 177, 178, 180, 185, 186, 188, 189, 191, 193, 194, 196, 197, 199, 200, 201, 202, 203, 204, 211, 212, 215, 218, 220, 223, 225, 226, 228, 229, 232, 234, 237, 238, 240, 241, 243, 244, 247, 249, 250, 252, 254, 255]",141,37,34,36,34,36
2,59,"[0, 2, 3, 4, 5, 7, 8, 12, 25, 27, 28, 30, 31, 32, 33, 34, 37, 39, 45, 47, 52, 53, 60, 61, 65, 66, 73, 74, 76, 77, 78, 81, 82, 83, 84, 86, 88, 92, 93, 97, 99, 102, 107, 108, 109, 111, 114, 118, 120, 121, 122, 123, 129, 130, 133, 135, 136, 137, 139, 140, 142, 143, 144, 146, 147, 149, 151, 152, 154, 157, 158, 161, 164, 167, 168, 169, 170, 171, 177, 178, 185, 189, 191, 195, 199, 201, 203, 204, 213, 214, 215, 216, 218, 222, 224, 225, 226, 229, 230, 232, 233, 236, 238, 243, 244, 247, 252, 254, 255]",109,27,30,26,26,28
2,60,"[3, 4, 5, 6, 7, 9, 10, 16, 20, 26, 29, 45, 47, 54, 56, 57, 59, 60, 62, 65, 68, 69, 70, 73, 76, 79, 80, 81, 82, 84, 86, 91, 93, 97, 98, 104, 107, 109, 111, 114, 115, 116, 117, 122, 123, 124, 129, 130, 134, 135, 136, 137, 139, 140, 144, 146, 148, 149, 152, 154, 155, 158, 163, 167, 168, 171, 175, 177, 178, 179, 180, 185, 190, 191, 192, 195, 198, 204, 206, 211, 212, 213, 214, 215, 216, 219, 222, 226, 229, 232, 233, 234, 237, 241, 247, 253, 255]",97,24,24,24,25,25
2,61,"[6, 9, 16, 20, 23, 24, 25, 26, 29, 31, 34, 37, 39, 42, 44, 45, 46, 57, 58, 62, 65, 68, 71, 72, 77, 79, 94, 98, 100, 102, 107, 108, 111, 112, 113, 115, 116, 121, 122, 123, 130, 135, 136, 137, 138, 147, 157, 159, 163, 164, 179, 180, 181, 184, 194, 201, 206, 215, 216, 218, 219, 233, 235, 237, 241, 242, 245, 254]",68,15,18,18,17,17
2,62,"[2, 8, 9, 12, 22, 23, 24, 29, 32, 33, 41, 42, 45, 46, 50, 53, 58, 59, 69, 70, 74, 83, 85, 86, 95, 99, 104, 108, 111, 112, 115, 118, 120, 121, 124, 126, 130, 134, 135, 136, 137, 138, 140, 142, 145, 146, 154, 155, 156, 157, 160, 181, 184, 189, 190, 194, 198, 210, 227, 235, 238, 242, 243, 245, 251, 253, 254]",67,14,16,24,13,17
2,63,"[0, 2, 8, 9, 10, 11, 14, 21, 25, 26, 29, 30, 31, 33, 34, 35, 37, 39, 41, 43, 45, 46, 49, 50, 56, 58, 59, 61, 64, 68, 69, 71, 72, 79, 80, 81, 84, 86, 87, 89, 90, 91, 93, 98, 107, 118, 119, 120, 122, 126, 129, 133, 136, 139, 140, 143, 144, 145, 146, 147, 148, 149, 151, 153, 156, 159, 160, 171, 172, 175, 180, 181, 184, 187, 189, 192, 194, 195, 197, 201, 202, 203, 205, 207, 210, 212, 214, 216, 219, 220, 224, 225, 234, 236, 237, 243, 251]",97,24,26,21,26,25
2,64,"[0, 1, 5, 6, 8, 10, 11, 14, 15, 16, 18, 20, 21, 22, 23, 25, 26, 27, 29, 30, 31, 32, 34, 37, 38, 43, 44, 45, 46, 49, 50, 52, 53, 55, 57, 58, 62, 64, 67, 68, 72, 73, 74, 76, 77, 78, 79, 81, 82, 87, 93, 94, 95, 97, 99, 100, 102, 104, 106, 111, 114, 115, 117, 119, 124, 131, 132, 134, 135, 136, 142, 145, 147, 148, 150, 153, 154, 160, 162, 169, 173, 174, 176, 179, 181, 187, 188, 191, 192, 194, 195, 200, 201, 204, 205, 206, 207, 212, 213, 214, 219, 225, 228, 229, 233, 234, 236, 238, 241, 242, 247, 249, 255]",113,26,29,32,26,29
2,65,"[8, 14, 15, 25, 26, 27, 28, 29, 30, 32, 35, 37, 38, 39, 41, 43, 46, 47, 50, 52, 55, 58, 61, 62, 66, 67, 68, 70, 74, 76, 78, 80, 82, 83, 85, 89, 90, 97, 103, 105, 106, 109, 114, 117, 118, 122, 128, 129, 131, 132, 136, 140, 144, 145, 146, 147, 148, 150, 151, 157, 164, 167, 169, 171, 172, 173, 174, 176, 177, 178, 179, 180, 184, 185, 191, 194, 195, 197, 200, 203, 205, 206, 218, 219, 223, 224, 225, 227, 228, 229, 232, 235, 237, 241, 242, 247, 248, 252]",98,24,24,26,24,25
2,66,"[1, 2, 4, 5, 6, 7, 9, 10, 14, 15, 16, 18, 20, 21, 23, 25, 26, 28, 29, 30, 32, 33, 34, 37, 39, 41, 42, 45, 46, 47, 54, 56, 57, 66, 68, 69, 70, 71, 72, 73, 77, 82, 83, 86, 87, 93, 98, 102, 103, 105, 107, 108, 113, 117, 118, 121, 124, 128, 129, 130, 133, 134, 136, 137, 139, 140, 142, 143, 146, 147, 152, 157, 160, 162, 164, 167, 169, 177, 178, 181, 184, 185, 187, 188, 189, 191, 192, 194, 195, 197, 198, 199, 202, 203, 204, 205, 211, 212, 213, 214, 216, 218, 219, 220, 223, 225, 227, 228, 232, 233, 235, 236, 242, 243, 248, 249, 252, 254, 255]",119,28,34,31,26,30
2,67,"[1, 2, 4, 6, 7, 9, 10, 14, 15, 16, 18, 19, 20, 21, 23, 26, 27, 28, 29, 32, 33, 34, 35, 36, 37, 39, 43, 45, 56, 58, 59, 62, 67, 68, 69, 71, 72, 80, 82, 83, 84, 85, 87, 93, 107, 108, 109, 111, 119, 121, 124, 128, 130, 134, 135, 137, 140, 141, 146, 147, 148, 150, 151, 152, 158, 159, 160, 161, 165, 174, 176, 177, 181, 185, 187, 189, 192, 196, 197, 198, 199, 201, 203, 211, 212, 213, 214, 222, 227, 228, 232, 233, 236, 242, 245, 252, 254]",97,26,25,21,25,25
2,68,"[1, 2, 4, 6, 7, 9, 14, 18, 19, 20, 23, 25, 26, 27, 29, 31, 35, 36, 37, 39, 42, 46, 47, 53, 56, 62, 67, 68, 71, 72, 73, 75, 77, 79, 84, 85, 88, 91, 98, 99, 107, 108, 110, 111, 119, 121, 123, 125, 128, 134, 136, 139, 141, 142, 143, 144, 145, 146, 147, 148, 150, 151, 154, 157, 158, 159, 160, 161, 170, 171, 172, 173, 174, 176, 177, 180, 181, 182, 184, 185, 188, 191, 192, 194, 195, 196, 199, 211, 212, 213, 216, 222, 225, 228, 229, 232, 233, 235, 237, 242, 245, 253]",102,25,26,22,29,26
2,69,"[1, 5, 16, 18, 20, 21, 25, 29, 34, 37, 43, 53, 58, 59, 62, 66, 67, 73, 75, 76, 77, 81, 88, 90, 91, 92, 98, 99, 109, 110, 117, 125, 129, 130, 135, 136, 140, 141, 142, 143, 144, 147, 152, 157, 159, 164, 166, 171, 172, 178, 180, 181, 182, 184, 188, 194, 196, 199, 201, 211, 212, 218, 219, 220, 225, 228, 229, 233, 239, 242, 245, 248]",72,19,22,16,15,18
2,70,"[0, 4, 5, 7, 18, 21, 26, 27, 30, 31, 34, 43, 45, 52, 53, 56, 57, 58, 59, 61, 65, 66, 71, 74, 75, 76, 78, 79, 81, 83, 84, 86, 88, 90, 91, 98, 99, 105, 109, 110, 113, 117, 121, 122, 130, 132, 133, 135, 141, 147, 148, 152, 154, 157, 161, 164, 165, 166, 167, 169, 173, 178, 180, 181, 183, 184, 188, 194, 203, 204, 211, 218, 220, 233, 237, 239, 241, 243, 245, 248, 249, 253]",82,17,27,19,19,21
2,71,"[1, 7, 20, 26, 27, 31, 34, 37, 50, 52, 58, 59, 60, 61, 65, 66, 67, 68, 70, 71, 78, 80, 82, 84, 89, 97, 98, 99, 103, 108, 113, 122, 124, 125, 130, 133, 136, 142, 154, 162, 168, 178, 181, 183, 185, 198, 201, 204, 210, 218, 219, 226, 229, 244, 247, 249, 251, 254]",58,12,14,20,12,15
2,72,"[0, 1, 4, 5, 8, 17, 18, 20, 21, 26, 27, 31, 34, 35, 37, 45, 48, 49, 52, 58, 59, 61, 62, 68, 71, 73, 78, 79, 80, 81, 82, 84, 85, 89, 91, 98, 99, 103, 105, 107, 108, 124, 130, 136, 140, 157, 160, 162, 168, 171, 178, 181, 183, 192, 194, 199, 202, 203, 205, 209, 210, 218, 219, 226, 229, 237, 244, 249, 251, 254]",70,17,20,17,16,18
2,73,"[0, 4, 5, 15, 18, 20, 21, 26, 31, 35, 45, 46, 49, 50, 54, 60, 65, 66, 67, 68, 70, 73, 75, 77, 79, 80, 81, 85, 91, 94, 96, 97, 101, 104, 107, 111, 113, 119, 121, 122, 124, 125, 132, 133, 140, 142, 147, 151, 154, 157, 160, 171, 174, 180, 183, 188, 192, 194, 195, 196, 198, 201, 202, 204, 205, 206, 208, 218, 221, 225, 226, 234, 235, 238, 243, 247, 249, 250, 254]",79,18,21,22,18,20
2,74,"[0, 1, 3, 4, 7, 8, 10, 17, 20, 26, 30, 31, 33, 41, 42, 45, 46, 48, 54, 56, 67, 68, 69, 70, 73, 80, 83, 86, 87, 94, 95, 96, 97, 98, 101, 118, 119, 120, 122, 124, 125, 129, 132, 135, 137, 138, 139, 142, 144, 147, 148, 149, 151, 152, 154, 161, 165, 167, 169, 174, 175, 176, 183, 185, 188, 189, 192, 194, 195, 196, 206, 208, 209, 213, 216, 218, 221, 224, 225, 226, 232, 234, 235, 236, 237, 244, 249, 251, 253, 254]",90,25,25,22,18,23
2,75,"[0, 1, 4, 6, 10, 11, 18, 20, 22, 25, 27, 31, 33, 40, 42, 49, 54, 56, 58, 60, 67, 68, 69, 70, 73, 77, 78, 83, 85, 86, 87, 91, 94, 95, 98, 103, 105, 107, 111, 112, 116, 119, 121, 122, 125, 129, 130, 133, 135, 137, 138, 139, 140, 142, 144, 148, 149, 152, 154, 160, 161, 165, 167, 169, 171, 175, 176, 179, 180, 185, 189, 192, 194, 201, 208, 213, 215, 216, 224, 225, 232, 233, 238, 239, 243, 244, 251, 255]",88,22,24,19,23,22
2,76,"[0, 3, 6, 9, 11, 16, 22, 26, 30, 31, 40, 41, 43, 45, 51, 54, 57, 58, 59, 65, 71, 73, 74, 76, 77, 79, 80, 84, 85, 91, 92, 94, 97, 99, 103, 105, 107, 112, 113, 116, 118, 119, 120, 122, 127, 130, 133, 134, 135, 143, 156, 160, 162, 166, 169, 171, 175, 177, 178, 179, 192, 199, 205, 208, 209, 215, 218, 220, 221, 226, 231, 233, 235, 236, 237, 239, 243, 250, 253, 255]",80,16,20,18,26,20
2,77,"[1, 3, 4, 15, 16, 20, 22, 25, 26, 27, 35, 44, 46, 47, 49, 51, 59, 60, 62, 68, 70, 71, 73, 75, 77, 78, 80, 83, 84, 86, 92, 95, 96, 97, 99, 104, 105, 113, 121, 124, 125, 129, 132, 133, 134, 135, 140, 147, 148, 151, 153, 154, 156, 157, 160, 162, 166, 168, 171, 173, 175, 177, 178, 182, 184, 185, 192, 196, 203, 205, 206, 207, 209, 212, 217, 218, 220, 221, 226, 231, 235, 236, 237, 239, 249, 253, 254]",87,24,24,17,22,22
2,78,"[0, 1, 3, 4, 7, 9, 10, 11, 18, 21, 22, 43, 44, 45, 46, 47, 54, 57, 62, 64, 65, 67, 68, 72, 73, 74, 75, 76, 79, 80, 83, 86, 87, 88, 92, 96, 97, 102, 107, 108, 111, 119, 120, 121, 122, 124, 127, 129, 133, 136, 139, 141, 143, 145, 147, 151, 153, 154, 159, 160, 163, 165, 168, 172, 173, 174, 177, 182, 184, 185, 186, 194, 196, 203, 204, 205, 206, 217, 219, 234, 236, 237, 238, 239, 240, 243, 244, 249, 254]",89,24,22,19,24,23
2,79,"[1, 7, 10, 21, 30, 31, 39, 42, 44, 45, 52, 54, 57, 60, 62, 64, 67, 68, 70, 72, 73, 77, 80, 83, 85, 87, 88, 89, 92, 93, 95, 97, 102, 106, 108, 111, 115, 119, 120, 124, 125, 126, 127, 129, 136, 139, 142, 145, 148, 151, 152, 155, 159, 163, 165, 169, 171, 174, 177, 182, 185, 186, 189, 194, 205, 207, 213, 222, 225, 234, 237, 238, 239, 240, 242, 243, 244, 245, 249, 252, 254]",81,18,24,19,20,21
2,80,"[0, 1, 4, 9, 11, 15, 18, 24, 30, 31, 39, 40, 42, 44, 47, 50, 52, 57, 58, 59, 65, 74, 75, 77, 83, 85, 89, 93, 105, 106, 111, 113, 115, 116, 124, 125, 126, 127, 132, 141, 142, 152, 154, 155, 157, 159, 160, 162, 165, 169, 172, 174, 176, 179, 183, 185, 189, 194, 197, 203, 204, 206, 209, 212, 225, 228, 233, 239, 242, 243, 244, 248, 252, 253, 254]",75,19,22,16,18,19
2,81,"[4, 15, 18, 20, 26, 31, 35, 37, 39, 55, 59, 60, 65, 67, 68, 73, 74, 78, 80, 97, 106, 107, 108, 113, 115, 124, 129, 133, 136, 142, 151, 160, 162, 167, 176, 181, 185, 189, 194, 196, 197, 203, 206, 209, 212, 213, 227, 233, 235, 241, 245, 248, 253, 254, 255]",55,13,17,10,15,14
2,82,"[4, 5, 17, 20, 26, 31, 33, 35, 37, 50, 55, 58, 59, 60, 67, 68, 70, 73, 77, 78, 97, 105, 107, 108, 111, 115, 118, 119, 124, 126, 133, 135, 136, 142, 149, 154, 160, 162, 167, 173, 174, 176, 181, 183, 185, 189, 191, 199, 202, 203, 206, 209, 212, 219, 230, 233, 235, 240, 241, 245, 248, 249, 250]",63,12,19,15,17,16
2,83,"[4, 5, 6, 15, 17, 20, 22, 23, 26, 27, 30, 33, 40, 41, 48, 50, 54, 56, 59, 65, 73, 75, 79, 80, 83, 89, 96, 102, 104, 105, 106, 107, 111, 116, 118, 119, 122, 126, 129, 133, 135, 136, 143, 149, 151, 154, 166, 171, 173, 175, 178, 179, 184, 185, 191, 192, 199, 202, 203, 219, 222, 227, 228, 230, 231, 234, 237, 239, 240, 242, 250, 254]",72,14,14,21,23,18
2,84,"[4, 5, 7, 17, 18, 20, 22, 23, 24, 26, 27, 30, 31, 35, 36, 39, 40, 41, 50, 54, 56, 57, 58, 59, 68, 71, 73, 74, 76, 78, 79, 82, 83, 90, 91, 94, 96, 98, 102, 103, 104, 107, 111, 112, 113, 116, 117, 119, 122, 124, 127, 128, 136, 143, 152, 159, 162, 166, 169, 171, 175, 176, 178, 179, 183, 185, 187, 192, 195, 197, 198, 199, 203, 204, 209, 210, 215, 219, 222, 228, 230, 231, 234, 236, 237, 241, 244, 249, 254]",89,22,14,24,29,23
2,85,"[1, 2, 4, 6, 7, 10, 12, 15, 17, 24, 30, 35, 36, 48, 50, 52, 53, 57, 58, 59, 65, 66, 68, 71, 73, 75, 76, 77, 78, 79, 82, 83, 89, 90, 94, 97, 103, 107, 111, 112, 117, 119, 127, 128, 131, 133, 134, 137, 139, 150, 155, 156, 158, 159, 165, 169, 173, 185, 187, 192, 194, 196, 197, 198, 199, 212, 213, 219, 230, 236, 239, 241, 244, 251, 255]",75,16,19,17,23,19
2,86,"[0, 1, 5, 6, 10, 12, 15, 22, 24, 30, 31, 41, 45, 50, 53, 57, 58, 59, 65, 66, 70, 73, 75, 77, 79, 89, 97, 103, 107, 119, 124, 128, 131, 134, 137, 139, 141, 143, 147, 148, 150, 152, 154, 155, 156, 158, 162, 165, 167, 173, 174, 176, 178, 179, 185, 186, 192, 194, 195, 199, 204, 208, 209, 210, 212, 215, 218, 219, 224, 236, 237, 240, 241, 242, 248, 250, 251, 254]",78,17,19,22,20,20
2,87,"[0, 2, 4, 22, 31, 33, 39, 40, 41, 45, 47, 49, 54, 57, 58, 60, 65, 68, 73, 74, 80, 83, 85, 87, 98, 103, 105, 109, 113, 118, 119, 122, 125, 131, 133, 134, 136, 141, 143, 146, 147, 148, 151, 154, 167, 170, 177, 179, 182, 184, 185, 186, 191, 192, 194, 198, 203, 208, 220, 221, 224, 228, 230, 232, 234, 236, 237, 241, 243, 244, 245, 247, 248, 249]",74,18,21,18,17,19
2,88,"[6, 17, 18, 24, 31, 33, 40, 41, 47, 49, 50, 52, 54, 58, 59, 68, 70, 73, 75, 77, 80, 85, 87, 89, 91, 105, 106, 107, 109, 113, 118, 122, 125, 128, 131, 133, 134, 136, 138, 141, 146, 151, 162, 167, 170, 177, 178, 182, 184, 189, 191, 192, 194, 197, 198, 199, 201, 202, 213, 218, 219, 220, 221, 228, 230, 232, 233, 234, 239, 243, 244, 245, 247, 249, 250]",75,13,23,23,16,19
2,89,"[1, 7, 15, 17, 18, 24, 31, 35, 41, 43, 45, 47, 50, 55, 60, 65, 70, 74, 75, 76, 78, 84, 89, 91, 93, 97, 102, 106, 107, 108, 112, 125, 133, 134, 138, 143, 151, 164, 165, 167, 168, 169, 171, 174, 176, 179, 182, 184, 185, 189, 194, 197, 199, 201, 202, 203, 204, 209, 210, 212, 213, 215, 229, 233, 236, 240, 242, 244, 245, 248, 252, 255]",72,17,21,15,19,18
2,90,"[1, 15, 18, 31, 35, 39, 43, 45, 47, 50, 55, 57, 59, 76, 78, 84, 89, 93, 97, 98, 102, 107, 108, 112, 125, 127, 134, 144, 151, 158, 161, 164, 165, 168, 169, 171, 174, 179, 182, 184, 185, 197, 206, 215, 227, 229, 230, 236, 239, 244, 245, 248, 251, 252, 253, 255]",56,12,15,11,18,14
2,91,"[3, 10, 35, 43, 50, 57, 73, 75, 76, 84, 97, 104, 107, 119, 124, 127, 133, 135, 141, 144, 154, 160, 169, 174, 184, 185, 187, 196, 204, 209, 210, 230, 250, 254]",34,9,8,8,9,9
2,92,"[3, 5, 12, 15, 16, 31, 34, 47, 62, 75, 81, 90, 93, 112, 117, 134, 135, 142, 144, 148, 158, 160, 161, 165, 166, 168, 179, 182, 188, 197, 204, 205, 208, 209, 210, 215, 244, 252]",38,12,9,9,8,10
2,93,"[1, 2, 4, 12, 16, 26, 28, 31, 34, 37, 46, 47, 67, 70, 75, 77, 80, 81, 89, 90, 92, 99, 103, 105, 111, 117, 129, 134, 135, 143, 148, 149, 151, 160, 161, 162, 164, 165, 172, 178, 182, 187, 188, 194, 199, 200, 205, 208, 209, 210, 211, 212, 215, 218, 219, 224, 225, 241, 244, 247, 248, 249, 251, 252]",64,18,16,13,17,16
2,94,"[1, 2, 3, 5, 6, 7, 10, 14, 15, 19, 26, 28, 37, 46, 56, 62, 67, 70, 73, 77, 78, 80, 82, 84, 89, 93, 99, 103, 104, 111, 112, 113, 129, 130, 142, 143, 144, 145, 149, 151, 158, 161, 162, 164, 166, 168, 172, 178, 179, 187, 191, 194, 196, 197, 199, 200, 204, 211, 212, 218, 219, 224, 225, 241, 247, 248, 249, 251]",68,16,16,18,18,17
2,95,"[1, 4, 5, 6, 7, 10, 14, 18, 19, 26, 30, 31, 43, 48, 56, 65, 73, 74, 77, 79, 82, 83, 84, 91, 97, 98, 104, 113, 130, 132, 137, 141, 143, 145, 152, 178, 191, 196, 197, 199, 203, 206, 209, 227, 239, 240, 244, 251, 253, 255]",50,10,13,12,15,13
2,96,"[1, 7, 18, 31, 48, 52, 54, 57, 62, 65, 66, 76, 77, 78, 79, 84, 91, 92, 94, 98, 105, 106, 107, 113, 116, 123, 125, 133, 137, 141, 142, 152, 161, 167, 169, 178, 180, 184, 188, 191, 194, 206, 209, 212, 229, 234, 239, 240, 241, 250, 252]",51,13,15,14,9,13
2,97,"[1, 5, 7, 9, 12, 18, 20, 21, 22, 25, 26, 30, 35, 41, 43, 44, 47, 52, 54, 57, 62, 65, 66, 74, 76, 77, 78, 83, 84, 85, 87, 89, 92, 94, 97, 102, 105, 107, 113, 116, 118, 123, 125, 132, 133, 135, 141, 142, 143, 146, 153, 154, 155, 160, 161, 164, 167, 168, 169, 171, 174, 176, 180, 183, 184, 187, 188, 189, 191, 194, 196, 199, 207, 212, 218, 219, 227, 229, 234, 241, 244, 249, 250, 251, 252, 253, 255]",87,20,25,20,22,22
2,98,"[9, 12, 18, 21, 22, 25, 26, 30, 35, 40, 41, 44, 47, 57, 62, 65, 71, 73, 75, 77, 78, 85, 87, 89, 94, 102, 105, 106, 112, 116, 118, 135, 141, 146, 152, 153, 154, 155, 158, 160, 161, 164, 167, 168, 169, 171, 174, 176, 179, 183, 184, 187, 189, 197, 203, 204, 207, 237, 241, 248, 249, 250, 251]",63,13,20,15,15,16
2,99,"[1, 4, 5, 7, 19, 20, 26, 30, 40, 43, 47, 57, 58, 59, 62, 65, 71, 73, 74, 75, 76, 84, 87, 90, 92, 94, 102, 106, 112, 113, 116, 130, 131, 143, 155, 158, 169, 176, 179, 184, 189, 192, 196, 197, 198, 203, 204, 208, 209, 215, 218, 219, 237, 241, 248, 250, 251, 253, 255]",59,15,13,14,17,15
2,100,"[1, 4, 5, 7, 19, 25, 42, 43, 47, 58, 59, 62, 69, 75, 76, 78, 84, 87, 90, 93, 94, 102, 106, 113, 116, 121, 130, 131, 132, 143, 152, 155, 167, 176, 179, 180, 192, 198, 203, 208, 215, 227, 236, 243, 244, 245, 253, 255]",48,12,9,10,17,12
2,101,"[1, 21, 25, 42, 62, 65, 69, 74, 75, 78, 93, 94, 99, 121, 132, 165, 180, 189, 196, 197, 209, 218, 236, 243, 244, 245]",26,5,12,6,3,7
2,102,"[9, 18, 25, 50, 62, 65, 78, 83, 84, 85, 92, 94, 99, 105, 116, 129, 135, 140, 141, 143, 146, 160, 161, 165, 174, 178, 179, 182, 187, 199, 203, 207, 236, 244, 250]",35,7,9,10,9,9
2,103,"[7, 9, 15, 18, 20, 21, 25, 34, 40, 41, 44, 47, 48, 50, 57, 62, 64, 65, 70, 75, 78, 83, 84, 85, 87, 88, 89, 90, 92, 93, 94, 99, 105, 106, 108, 119, 124, 126, 129, 134, 140, 141, 142, 143, 148, 158, 161, 165, 167, 168, 174, 176, 178, 179, 182, 187, 194, 196, 203, 209, 213, 219, 221, 227, 233, 236, 240, 244, 250, 251, 252, 253, 254, 255]",74,19,19,19,17,19
2,104,"[1, 7, 15, 20, 27, 34, 40, 41, 44, 47, 48, 52, 57, 64, 70, 75, 78, 87, 88, 89, 90, 93, 104, 108, 111, 117, 126, 132, 133, 134, 135, 146, 148, 153, 167, 168, 176, 184, 188, 194, 197, 206, 207, 213, 218, 219, 221, 233, 240, 244, 250, 254, 255]",53,17,12,12,12,14
2,105,"[5, 18, 25, 42, 47, 52, 62, 79, 99, 104, 106, 111, 116, 117, 119, 124, 132, 133, 142, 144, 153, 158, 160, 179, 184, 188, 196, 197, 205, 206, 209, 215, 244, 250, 251, 252, 253]",37,12,9,8,8,10
2,106,"[0, 1, 4, 25, 27, 42, 43, 47, 52, 54, 62, 65, 74, 78, 79, 92, 104, 105, 113, 116, 125, 129, 130, 132, 143, 144, 161, 176, 194, 196, 197, 199, 203, 205, 215, 218, 227, 228, 240, 244, 251]",41,13,10,8,10,11
2,107,"[0, 1, 4, 5, 18, 20, 52, 54, 74, 78, 87, 91, 104, 105, 125, 129, 130, 143, 152, 153, 154, 161, 165, 194, 199, 209, 218, 227, 228, 240, 244, 251]",32,9,9,8,6,8
2,108,"[9, 26, 30, 47, 59, 62, 83, 92, 106, 107, 111, 153, 158, 167, 173, 176, 180, 188, 189, 241, 253, 255]",22,4,6,5,7,6
2,109,"[1, 7, 9, 20, 26, 30, 47, 59, 62, 74, 76, 83, 84, 102, 107, 111, 132, 135, 142, 143, 153, 158, 167, 173, 176, 180, 188, 194, 197, 227, 241, 253, 255]",33,7,7,8,11,9
2,110,"[1, 20, 54, 69, 76, 77, 84, 92, 102, 106, 126, 132, 135, 142, 143, 152, 189, 197, 209, 227, 240, 244]",22,8,6,5,3,6
2,111,"[4, 7, 9, 47, 54, 62, 69, 71, 73, 74, 75, 77, 80, 94, 103, 105, 112, 126, 130, 132, 137, 143, 145, 151, 152, 153, 154, 158, 163, 165, 176, 194, 196, 197, 198, 199, 200, 206, 218, 219, 240, 242, 244]",43,10,10,13,10,11
2,112,"[9, 20, 47, 58, 59, 62, 71, 73, 75, 77, 80, 94, 103, 105, 111, 112, 130, 132, 137, 145, 151, 153, 154, 163, 165, 173, 176, 196, 197, 198, 199, 200, 209, 218, 219, 242, 253, 255]",38,7,12,8,11,10
2,113,"[4, 7, 43, 55, 76, 78, 83, 84, 92, 98, 104, 106, 108, 124, 142, 169, 183, 185, 187, 224, 232, 250, 251]",23,9,2,5,7,6
2,114,"[5, 7, 35, 43, 55, 59, 70, 76, 83, 84, 102, 104, 108, 155, 162, 169, 173, 185, 187, 224, 232, 249, 250]",23,6,5,4,8,6
2,115,"[8, 35, 58, 77, 92, 98, 102, 111, 112, 124, 143, 144, 155, 162, 167, 183, 202, 204, 206, 210, 224, 241, 248, 249, 251, 253, 255]",27,8,4,7,8,7
2,116,"[2, 5, 7, 8, 16, 20, 35, 58, 70, 77, 78, 83, 89, 98, 102, 105, 108, 111, 112, 124, 134, 136, 143, 144, 155, 160, 162, 167, 173, 183, 187, 194, 202, 204, 206, 210, 212, 224, 241, 248, 249, 250, 251, 253, 255]",45,13,8,13,11,12
2,117,"[2, 4, 7, 16, 35, 43, 71, 83, 89, 98, 102, 105, 108, 113, 124, 134, 136, 142, 155, 160, 162, 183, 187, 194, 198, 212, 219, 233, 249, 250, 251, 252, 255]",33,8,5,9,11,9
2,118,"[43, 59, 71, 92, 106, 108, 113, 162, 219, 226, 233, 252, 255]",13,3,2,3,5,4
2,119,"[4, 5, 8, 15, 20, 43, 74, 76, 78, 87, 91, 104, 106, 108, 158, 162, 187, 198, 206, 226, 227, 248, 251, 253, 255]",25,7,2,8,8,7
2,120,"[4, 10, 15, 27, 31, 43, 47, 71, 74, 76, 78, 82, 91, 104, 106, 127, 130, 131, 133, 142, 153, 158, 159, 165, 176, 187, 198, 206, 226, 227, 244, 248, 251, 253]",34,6,4,11,13,9
2,121,"[4, 5, 7, 8, 10, 27, 31, 47, 59, 71, 82, 87, 92, 127, 130, 131, 133, 134, 142, 153, 159, 165, 173, 176, 226, 244, 249, 253]",28,5,7,6,10,7
2,122,"[4, 7, 20, 71, 134, 173, 198, 206, 249]",9,2,2,3,2,3
2,123,"[116, 142, 173, 194, 204]",5,2,1,2,0,2
2,124,"[20, 71, 116, 194, 204, 206]",6,3,0,2,1,2
2,125,"[20, 71, 116, 142, 206]",5,2,0,2,1,2
2,126,"[1, 4, 43, 47, 58, 91, 102, 111, 113, 116, 119, 132, 146, 153, 168, 179, 197, 199, 209, 218, 219, 243, 250]",23,4,5,5,9,6
2,127,"[4, 5, 8, 22, 25, 36, 47, 58, 91, 94, 102, 111, 113, 116, 119, 129, 132, 146, 153, 161, 168, 197, 199, 209, 218, 219, 243, 250]",28,6,8,7,7,7
2,128,"[1, 4, 5, 8, 20, 22, 25, 36, 43, 58, 71, 94, 111, 113, 116, 129, 142, 161, 179, 206]",20,5,6,5,4,5
2,129,"[4, 7, 11, 20, 58, 75, 76, 78, 111, 113, 116, 142, 161]",13,4,2,3,4,4
2,130,"[1, 7, 8, 11, 27, 47, 71, 75, 76, 77, 78, 116, 133, 136, 142, 161, 165, 173, 188, 198]",20,5,6,3,6,5
2,131,"[1, 4, 8, 27, 47, 58, 71, 92, 106, 133, 136, 142, 143, 165, 173, 188, 189, 194, 198, 206]",20,5,5,6,4,5
2,132,"[4, 20, 58, 77, 92, 116, 126, 142, 143, 189, 194, 244, 252]",13,6,2,4,1,4
2,133,"[4, 58, 106, 111, 116, 126, 206, 244, 252]",9,4,0,4,1,3
2,134,"[4, 20, 47, 58, 59, 71, 77, 93, 107, 111, 116, 119, 153, 165, 179, 185, 194, 206, 233, 245, 249]",21,3,8,3,7,6
2,135,"[27, 43, 47, 59, 62, 71, 76, 77, 93, 107, 119, 153, 165, 176, 179, 185, 194, 233, 245, 249]",20,2,8,2,8,5
2,136,"[4, 7, 18, 27, 58, 62, 76, 91, 116, 134, 142, 176]",12,4,0,5,3,3
2,137,"[18, 30, 43, 54, 58, 76, 78, 89, 91, 97, 98, 99, 124, 155, 162, 173, 187, 188, 198, 206, 212, 249, 251, 253, 255]",25,4,5,9,7,7
2,138,"[5, 8, 27, 69, 90, 92, 98, 106, 134, 167, 188]",11,3,2,4,2,3
2,139,"[5, 8, 27, 69, 90, 92, 98, 134, 154, 167, 183, 194, 232]",13,3,2,5,3,4
2,140,"[5, 20, 70, 74, 83, 84, 89, 92, 134, 142, 154, 162, 219, 232]",14,4,2,6,2,4
2,141,[],0,0,0,0,0,0
2,142,"[51, 55, 89, 104, 121, 154, 162, 169, 219, 224, 227, 232, 239, 244, 250]",15,4,3,3,5,4
2,143,[],0,0,0,0,0,0
2,144,"[89, 112, 173, 177, 190, 236, 242]",7,2,3,2,0,2
2,145,"[26, 89, 104, 112, 173, 180, 185, 229, 236, 238, 242]",11,4,4,3,0,3
2,146,"[26, 30, 35, 50, 59, 69, 99, 104, 154, 160, 177, 180, 185, 190, 198, 229, 232, 236, 238, 249]",20,5,5,7,3,5
2,147,"[7, 8, 30, 69, 84, 99, 115, 121, 133, 160, 167, 194, 198, 225, 232, 236, 239, 244, 249]",19,6,5,3,5,5
2,148,"[7, 8, 35, 50, 59, 84, 89, 115, 121, 133, 154, 185, 194, 225, 239, 242, 250]",17,2,5,5,5,5
2,149,"[35, 50, 74, 89, 104, 119, 121, 167, 185, 198, 227, 239, 242, 250]",14,1,3,5,5,4
2,150,"[70, 74, 89, 99, 185, 190, 198, 255]",8,0,2,4,2,2
2,151,"[2, 3, 8, 11, 74, 99, 131, 167, 192, 194]",10,2,0,3,5,3
2,152,"[2, 3, 8, 11, 12, 59, 70, 74, 89, 99, 104, 121, 131, 154, 166, 167, 177, 192, 194, 204, 219, 227, 231, 239, 242]",25,5,3,7,10,7
2,153,"[12, 59, 70, 89, 104, 121, 154, 166, 177, 204, 219, 227, 231, 239, 242]",15,3,3,4,5,4
2,154,"[8, 74, 167, 194]",4,1,0,2,1,1
2,155,"[8, 74, 167, 194]",4,1,0,2,1,1
2,156,"[7, 8, 30, 51, 74, 84, 87, 97, 104, 152, 167, 194, 198, 207, 209, 233, 237, 241, 255]",19,4,5,4,6,5
2,157,"[2, 3, 5, 7, 8, 11, 30, 51, 84, 87, 97, 104, 128, 152, 167, 194, 198, 207, 209, 233, 237, 241, 255]",23,5,6,4,8,6
2,158,"[2, 3, 5, 8, 11, 35, 70, 74, 99, 104, 121, 128, 167]",13,3,2,3,5,4
2,159,[],0,0,0,0,0,0
2,160,[],0,0,0,0,0,0
2,161,"[50, 51, 89, 154, 162]",5,0,1,3,1,2
2,162,"[50, 51, 89, 154, 162]",5,0,1,3,1,2
2,163,"[115, 162, 225, 233]",4,0,2,1,1,1
2,164,"[2, 3, 10, 11, 15, 35, 51, 65, 73, 74, 89, 99, 115, 121, 131, 154, 160, 162, 167, 192, 204, 225, 233, 255]",24,3,6,5,10,6
2,165,[],0,0,0,0,0,0
2,166,"[99, 121, 167, 241]",4,0,2,0,2,1
2,167,"[10, 30, 73, 84, 99, 105, 108, 119, 121, 154, 167, 185, 207, 241]",14,2,5,3,4,4
2,168,"[6, 10, 59, 73, 84, 105, 108, 119, 135, 146, 154, 175]",12,2,2,4,4,3
2,169,"[6, 30, 51, 59, 87, 89, 128, 135, 146, 153, 154, 175, 185, 207]",14,1,3,4,6,4
2,170,"[51, 87, 89, 128, 153, 154]",6,1,2,1,2,2
2,171,[],0,0,0,0,0,0
2,172,[128],1,1,0,0,0,1
2,173,[128],1,1,0,0,0,1
2,174,[],0,0,0,0,0,0
2,175,"[67, 128, 153, 167, 241]",5,1,2,0,2,2
2,176,"[10, 11, 67, 73, 99, 128, 153, 167, 241]",9,1,3,1,4,3
2,177,"[4, 11, 15, 22, 99, 104, 137, 154, 167, 198, 207]",11,2,1,3,5,3
2,178,"[4, 10, 15, 22, 73, 104, 137, 154, 167, 198, 207]",11,2,2,4,3,3
2,179,[128],1,1,0,0,0,1
2,180,[128],1,1,0,0,0,1
2,181,[],0,0,0,0,0,0
2,182,"[8, 10, 51, 66, 73, 84]",6,2,1,2,1,2
2,183,"[8, 10, 51, 66, 73, 84]",6,2,1,2,1,2
2,184,[],0,0,0,0,0,0
2,185,[],0,0,0,0,0,0
2,186,[128],1,1,0,0,0,1
2,187,[128],1,1,0,0,0,1
2,188,[],0,0,0,0,0,0
2,189,[],0,0,0,0,0,0
2,190,[],0,0,0,0,0,0
2,191,[],0,0,0,0,0,0
2,192,[],0,0,0,0,0,0
2,193,[],0,0,0,0,0,0
2,194,[128],1,1,0,0,0,1
2,195,[],0,0,0,0,0,0
2,196,"[51, 87, 89, 153, 154]",5,0,2,1,2,2
2,197,"[51, 87, 89, 128, 153, 154]",6,1,2,1,2,2
2,198,[],0,0,0,0,0,0
2,199,[],0,0,0,0,0,0
2,200,[],0,0,0,0,0,0
2,201,[128],1,1,0,0,0,1
2,202,[128],1,1,0,0,0,1
2,203,[],0,0,0,0,0,0
2,204,"[8, 10, 12, 73, 80, 89, 104, 128, 137, 139, 154]",11,5,3,2,1,3
2,205,"[8, 10, 12, 30, 73, 80, 89, 104, 105, 128, 137, 139, 154, 198, 207]",15,5,4,4,2,4
2,206,[],0,0,0,0,0,0
2,207,"[30, 105, 128, 198, 207]",5,1,1,2,1,2
2,208,[128],1,1,0,0,0,1
2,209,[],0,0,0,0,0,0
2,210,[],0,0,0,0,0,0
2,211,[],0,0,0,0,0,0
2,212,"[8, 130, 153]",3,1,1,1,0,1
2,213,"[8, 130, 153]",3,1,1,1,0,1
2,214,[],0,0,0,0,0,0
2,215,[],0,0,0,0,0,0
2,216,"[128, 153, 154, 167]",4,1,1,1,1,1
2,217,"[153, 154, 167]",3,0,1,1,1,1
2,218,[128],1,1,0,0,0,1
2,219,[],0,0,0,0,0,0
2,220,[],0,0,0,0,0,0
2,221,[],0,0,0,0,0,0
2,222,[],0,0,0,0,0,0
2,223,[],0,0,0,0,0,0
2,224,[],0,0,0,0,0,0
2,225,[],0,0,0,0,0,0
2,226,[],0,0,0,0,0,0
2,227,[],0,0,0,0,0,0
2,228,[],0,0,0,0,0,0
2,229,[],0,0,0,0,0,0
2,230,[],0,0,0,0,0,0
2,231,[],0,0,0,0,0,0
2,232,[],0,0,0,0,0,0
2,233,[],0,0,0,0,0,0
2,234,"[10, 73, 84]",3,1,1,1,0,1
2,235,"[10, 73, 84]",3,1,1,1,0,1
2,236,[],0,0,0,0,0,0
2,237,[],0,0,0,0,0,0
2,238,"[30, 105, 198, 207]",4,0,1,2,1,1
2,239,"[6, 8, 30, 105, 153, 198, 207]",7,1,2,3,1,2
2,240,"[6, 8, 153]",3,1,1,1,0,1
2,241,[],0,0,0,0,0,0
2,242,[],0,0,0,0,0,0
2,243,"[99, 185, 194, 247]",4,0,1,1,2,1
2,244,"[99, 185, 194, 247]",4,0,1,1,2,1
2,245,[],0,0,0,0,0,0
2,246,[],0,0,0,0,0,0
2,247,[],0,0,0,0,0,0
2,248,[],0,0,0,0,0,0
2,249,[],0,0,0,0,0,0
2,250,[],0,0,0,0,0,0
2,251,[],0,0,0,0,0,0
2,252,[],0,0,0,0,0,0
2,253,[],0,0,0,0,0,0
2,254,[],0,0,0,0,0,0
2,255,[],0,0,0,0,0,0
2,256,[],0,0,0,0,0,0
2,257,[],0,0,0,0,0,0
2,258,[],0,0,0,0,0,0
2,259,[],0,0,0,0,0,0
2,260,[],0,0,0,0,0,0
2,261,[],0,0,0,0,0,0
2,262,[],0,0,0,0,0,0
2,263,[],0,0,0,0,0,0
2,264,[],0,0,0,0,0,0
2,265,[],0,0,0,0,0,0
2,266,[],0,0,0,0,0,0
2,267,[128],1,1,0,0,0,1
2,268,[128],1,1,0,0,0,1
2,269,[],0,0,0,0,0,0
2,270,[],0,0,0,0,0,0
2,271,[],0,0,0,0,0,0
2,272,[],0,0,0,0,0,0
2,273,"[8, 10, 73, 99]",4,1,1,1,1,1
2,274,"[8, 10, 73, 99]",4,1,1,1,1,1
2,275,[],0,0,0,0,0,0
2,276,[],0,0,0,0,0,0
2,277,[],0,0,0,0,0,0
2,278,[],0,0,0,0,0,0
2,279,[],0,0,0,0,0,0
2,280,"[5, 8, 128]",3,2,1,0,0,1
2,281,"[5, 8, 128]",3,2,1,0,0,1
2,282,[],0,0,0,0,0,0
2,283,[],0,0,0,0,0,0
2,284,[],0,0,0,0,0,0
2,285,"[99, 108, 119, 128, 185]",5,2,1,0,2,2
2,286,"[99, 108, 119, 128, 185]",5,2,1,0,2,2
2,287,[],0,0,0,0,0,0
2,288,[],0,0,0,0,0,0
2,289,[],0,0,0,0,0,0
2,290,[],0,0,0,0,0,0
2,291,[],0,0,0,0,0,0
2,292,[],0,0,0,0,0,0
2,293,[],0,0,0,0,0,0
2,294,[],0,0,0,0,0,0
2,295,[],0,0,0,0,0,0
2,296,[],0,0,0,0,0,0
2,297,[],0,0,0,0,0,0
2,298,[],0,0,0,0,0,0
2,299,[],0,0,0,0,0,0
2,300,[],0,0,0,0,0,0
2,301,[],0,0,0,0,0,0
2,302,[],0,0,0,0,0,0
2,303,[],0,0,0,0,0,0
2,304,[],0,0,0,0,0,0
2,305,"[105, 154]",2,0,1,1,0,1
2,306,"[105, 154]",2,0,1,1,0,1
2,307,[],0,0,0,0,0,0
2,308,[],0,0,0,0,0,0
2,309,[],0,0,0,0,0,0
2,310,[],0,0,0,0,0,0
2,311,[],0,0,0,0,0,0
2,312,[128],1,1,0,0,0,1
2,313,[128],1,1,0,0,0,1
2,314,[],0,0,0,0,0,0
2,315,[128],1,1,0,0,0,1
2,316,[128],1,1,0,0,0,1
2,317,[],0,0,0,0,0,0
2,318,[],0,0,0,0,0,0
2,319,"[105, 154]",2,0,1,1,0,1
2,320,"[105, 154]",2,0,1,1,0,1
2,321,[],0,0,0,0,0,0
2,322,"[89, 104, 207, 216]",4,2,1,0,1,1
2,323,"[89, 104, 207, 216]",4,2,1,0,1,1
2,324,[],0,0,0,0,0,0
2,325,[],0,0,0,0,0,0
2,326,[],0,0,0,0,0,0
2,327,[],0,0,0,0,0,0
2,328,[],0,0,0,0,0,0
2,329,"[8, 10, 131, 192]",4,2,0,1,1,1
2,330,"[8, 10, 131, 192]",4,2,0,1,1,1
2,331,[],0,0,0,0,0,0
2,332,[],0,0,0,0,0,0
2,333,"[6, 87, 89, 153, 154]",5,0,2,2,1,2
2,334,"[6, 87, 89, 153, 154]",5,0,2,2,1,2
2,335,[],0,0,0,0,0,0
2,336,"[87, 89, 128, 153, 154]",5,1,2,1,1,2
2,337,"[87, 89, 153, 154]",4,0,2,1,1,1
2,338,[128],1,1,0,0,0,1
2,339,[128],1,1,0,0,0,1
2,340,[128],1,1,0,0,0,1
2,341,[],0,0,0,0,0,0
2,342,[128],1,1,0,0,0,1
2,343,[128],1,1,0,0,0,1
2,344,[],0,0,0,0,0,0
2,345,[],0,0,0,0,0,0
2,346,[],0,0,0,0,0,0
2,347,[],0,0,0,0,0,0
2,348,[],0,0,0,0,0,0
2,349,[],0,0,0,0,0,0
2,350,"[89, 104, 207, 216]",4,2,1,0,1,1
2,351,"[89, 104, 207, 216]",4,2,1,0,1,1
2,352,[],0,0,0,0,0,0
2,353,[],0,0,0,0,0,0
2,354,[],0,0,0,0,0,0
2,355,[],0,0,0,0,0,0
2,356,[],0,0,0,0,0,0
2,357,[],0,0,0,0,0,0
2,358,[],0,0,0,0,0,0
2,359,[],0,0,0,0,0,0
2,360,[],0,0,0,0,0,0
2,361,[],0,0,0,0,0,0
2,362,[],0,0,0,0,0,0
2,363,[],0,0,0,0,0,0
2,364,[],0,0,0,0,0,0
2,365,[],0,0,0,0,0,0
2,366,[],0,0,0,0,0,0
2,367,[],0,0,0,0,0,0
2,368,[],0,0,0,0,0,0
2,369,[],0,0,0,0,0,0
2,370,"[104, 154, 185, 198, 207]",5,1,1,2,1,2
2,371,"[104, 154, 185, 198, 207]",5,1,1,2,1,2
2,372,"[6, 8, 153]",3,1,1,1,0,1
2,373,"[6, 8, 153]",3,1,1,1,0,1
2,374,[],0,0,0,0,0,0
2,375,[128],1,1,0,0,0,1
2,376,[128],1,1,0,0,0,1
2,377,[],0,0,0,0,0,0
2,378,[],0,0,0,0,0,0
2,379,"[10, 73, 99, 121, 154, 167, 241]",7,0,3,2,2,2
2,380,"[10, 73, 99, 121, 128, 154, 167, 241]",8,1,3,2,2,2
2,381,[128],1,1,0,0,0,1
2,382,[],0,0,0,0,0,0
2,383,[],0,0,0,0,0,0
2,384,[],0,0,0,0,0,0
2,385,[],0,0,0,0,0,0
2,386,[],0,0,0,0,0,0
2,387,[128],1,1,0,0,0,1
2,388,[128],1,1,0,0,0,1
2,389,[],0,0,0,0,0,0
2,390,[],0,0,0,0,0,0
2,391,[],0,0,0,0,0,0
2,392,[],0,0,0,0,0,0
2,393,"[8, 10, 73]",3,1,1,1,0,1
2,394,"[8, 10, 73]",3,1,1,1,0,1
2,395,[],0,0,0,0,0,0
2,396,[],0,0,0,0,0,0
2,397,[128],1,1,0,0,0,1
2,398,"[105, 128, 154]",3,1,1,1,0,1
2,399,"[105, 154]",2,0,1,1,0,1
2,400,[],0,0,0,0,0,0
2,401,"[6, 8, 153]",3,1,1,1,0,1
2,402,"[6, 8, 153]",3,1,1,1,0,1
2,403,[],0,0,0,0,0,0
2,404,[],0,0,0,0,0,0
2,405,[],0,0,0,0,0,0
2,406,[128],1,1,0,0,0,1
2,407,[128],1,1,0,0,0,1
2,408,[],0,0,0,0,0,0
2,409,[],0,0,0,0,0,0
2,410,"[6, 8, 153]",3,1,1,1,0,1
2,411,"[6, 8, 153]",3,1,1,1,0,1
2,412,[],0,0,0,0,0,0
2,413,[],0,0,0,0,0,0
2,414,[128],1,1,0,0,0,1
2,415,[128],1,1,0,0,0,1
2,416,[],0,0,0,0,0,0
2,417,[],0,0,0,0,0,0
2,418,[],0,0,0,0,0,0
2,419,[],0,0,0,0,0,0
2,420,[],0,0,0,0,0,0
2,421,[],0,0,0,0,0,0
2,422,[],0,0,0,0,0,0
2,423,[],0,0,0,0,0,0
2,424,[],0,0,0,0,0,0
2,425,"[10, 67, 73, 99, 128]",5,1,1,1,2,2
2,426,"[10, 67, 73, 99, 128]",5,1,1,1,2,2
2,427,[],0,0,0,0,0,0
2,428,[],0,0,0,0,0,0
2,429,"[128, 153, 167]",3,1,1,0,1,1
2,430,"[128, 153, 167]",3,1,1,0,1,1
2,431,[],0,0,0,0,0,0
2,432,[],0,0,0,0,0,0
2,433,[],0,0,0,0,0,0
2,434,[],0,0,0,0,0,0
2,435,"[122, 247]",2,0,0,1,1,1
2,436,"[122, 247]",2,0,0,1,1,1
2,437,[128],1,1,0,0,0,1
2,438,[128],1,1,0,0,0,1
2,439,[128],1,1,0,0,0,1
2,440,[128],1,1,0,0,0,1
2,441,[128],1,1,0,0,0,1
2,442,[128],1,1,0,0,0,1
2,443,[],0,0,0,0,0,0
2,444,[128],1,1,0,0,0,1
2,445,[128],1,1,0,0,0,1
2,446,[128],1,1,0,0,0,1
2,447,[128],1,1,0,0,0,1
2,448,[],0,0,0,0,0,0
2,449,[],0,0,0,0,0,0
2,450,[128],1,1,0,0,0,1
2,451,[128],1,1,0,0,0,1
2,452,[],0,0,0,0,0,0
2,453,[],0,0,0,0,0,0
2,454,[],0,0,0,0,0,0
2,455,[],0,0,0,0,0,0
2,456,[],0,0,0,0,0,0
2,457,[],0,0,0,0,0,0
2,458,[128],1,1,0,0,0,1
2,459,[128],1,1,0,0,0,1
2,460,[],0,0,0,0,0,0
2,461,[],0,0,0,0,0,0
2,462,[],0,0,0,0,0,0
2,463,[],0,0,0,0,0,0
2,464,[],0,0,0,0,0,0
2,465,[],0,0,0,0,0,0
2,466,[],0,0,0,0,0,0
2,467,[],0,0,0,0,0,0
2,468,[],0,0,0,0,0,0
2,469,[],0,0,0,0,0,0
2,470,[],0,0,0,0,0,0
2,471,[],0,0,0,0,0,0
2,472,[],0,0,0,0,0,0
2,473,[],0,0,0,0,0,0
2,474,[],0,0,0,0,0,0
2,475,[],0,0,0,0,0,0
2,476,[],0,0,0,0,0,0
2,477,[],0,0,0,0,0,0
2,478,[],0,0,0,0,0,0
2,479,[],0,0,0,0,0,0
2,480,[128],1,1,0,0,0,1
2,481,[128],1,1,0,0,0,1
2,482,[],0,0,0,0,0,0
2,483,[],0,0,0,0,0,0
2,484,[],0,0,0,0,0,0
2,485,[],0,0,0,0,0,0
2,486,[128],1,1,0,0,0,1
2,487,"[99, 104, 128, 154, 185, 207, 216]",7,3,1,1,2,2
2,488,"[99, 104, 154, 185, 207, 216]",6,2,1,1,2,2
2,489,[],0,0,0,0,0,0
2,490,[],0,0,0,0,0,0
2,491,[],0,0,0,0,0,0
2,492,"[6, 87, 89, 153, 154]",5,0,2,2,1,2
2,493,"[6, 87, 89, 153, 154]",5,0,2,2,1,2
2,494,[],0,0,0,0,0,0
2,495,[],0,0,0,0,0,0
2,496,[],0,0,0,0,0,0
2,497,[],0,0,0,0,0,0
2,498,[],0,0,0,0,0,0
2,499,[],0,0,0,0,0,0
2,500,[],0,0,0,0,0,0
2,501,[],0,0,0,0,0,0
2,502,[],0,0,0,0,0,0
2,503,[],0,0,0,0,0,0
2,504,[],0,0,0,0,0,0
2,505,[],0,0,0,0,0,0
2,506,"[10, 73, 84]",3,1,1,1,0,1
2,507,"[10, 73, 84]",3,1,1,1,0,1
2,508,[],0,0,0,0,0,0
2,509,[],0,0,0,0,0,0
2,510,[],0,0,0,0,0,0
2,511,[],0,0,0,0,0,0
2,512,[],0,0,0,0,0,0
